eoname,eotypename,eoedrpou,KATOTTG,KOATUU,category,id,years
Чернівецький медичний коледж Буковинського державного медичного університету,вищий навчальний заклад I-II рівнів акредитації,02010994,UA73060610010033137,7310100000,town,чернвецькиймедичнийколеджбуковинськогодержавногомедичногоунверситет,2018
"Фаховий коледж Вищого державного навчального закладу України ""Буковинський державний медичний університет""",заклад фахової передвищої освіти,02010994,UA73060610010033137,7310100000,town,коледжвищогодержавногонавчальногозакладуукранибуковинськийдержавниймедичнийунверсите,2021
Чернівецький медичний коледж Буковинського державного медичного університету,заклад вищої освіти,02010994,UA73060610010033137,7310100000,town,чернвецькиймедичнийколеджбуковинськогодержавногомедичногоунверситет,"2019, 2020"
Чернівецький медичний фаховий коледж,заклад фахової передвищої освіти,02010994,UA73060610010033137,7310100000,town,чернвецькиймедичнийколед,"2021, 2022, 2023, 2024, 2025"
"Коледж Вищого державного навчального закладу України ""Буковинський державний медичний університет""",вищий навчальний заклад I-II рівнів акредитації,02010994,UA73060610010033137,7310100000,town,коледжвищогодержавногонавчальногозакладуукранибуковинськийдержавниймедичнийунверсите,2018
"Коледж Вищого державного навчального закладу України ""Буковинський державний медичний університет""",заклад вищої освіти,02010994,UA73060610010033137,7310100000,town,коледжвищогодержавногонавчальногозакладуукранибуковинськийдержавниймедичнийунверсите,"2019, 2020"
"Комунальний вищий навчальний заклад ""Вашковецький медичний коледж Буковинського державного медичного університету""",заклад вищої освіти,02011002,UA73020070010063977,7320510400,town,комунальнийвищийнавчальнийзакладвашковецькиймедичнийколеджбуковинськогодержавногомедичногоунверситет,"2019, 2020"
"Комунальний вищий навчальний заклад ""Вашковецький медичний коледж Буковинського державного медичного університету""",вищий навчальний заклад I-II рівнів акредитації,02011002,UA73020070010063977,7320510400,town,комунальнийвищийнавчальнийзакладвашковецькиймедичнийколеджбуковинськогодержавногомедичногоунверситет,2018
Фаховий коледж Буковинського державного медичного університету,заклад фахової передвищої освіти,02011002,UA73060610010033137,7310100000,town,коледжбуковинськогодержавногомедичногоунверситет,"2022, 2023"
Вашковецький медичний фаховий коледж,заклад фахової передвищої освіти,02011002,UA73020070010063977,7320510400,town,вашковецькиймедичнийколед,"2021, 2022, 2023, 2024, 2025"
"Медичний коледж ДВНЗ ""Івано-Франківський національний медичний університет""",вищий навчальний заклад I-II рівнів акредитації,02011321,UA26040190010045761,2610100000,town,медичнийколедждвнзванофранквськийнацональниймедичнийунверсите,2018
"Комунальний заклад фахової передвищої освіти ""Івано-Франківський медичний фаховий коледж"" Івано-Франківської обласної ради",заклад фахової передвищої освіти,02011321,UA26040190010045761,2610100000,town,фаховапередвищаосвтиванофранквськиймедичнийколеджванофранквськаобласно,"2022, 2024, 2025"
Івано-Франківський базовий медичний коледж,заклад вищої освіти,02011321,UA26040190010045761,2610100000,town,ванофранквськийбазовиймедичнийколед,"2019, 2020"
"Медичний коледж ДВНЗ ""Івано-Франківський національний медичний університет""",заклад вищої освіти,02011321,UA26040190010045761,2610100000,town,медичнийколедждвнзванофранквськийнацональниймедичнийунверсите,2019
Фаховий медичний коледж Івано-Франківського національного медичного університету,заклад вищої освіти,02011321,UA26040190010045761,2610100000,town,медичнийколеджванофранквськогонацональногомедичногоунверситет,"2021, 2022, 2023"
Івано-Франківський базовий медичний коледж,вищий навчальний заклад I-II рівнів акредитації,02011321,UA26040190010045761,2610100000,town,ванофранквськийбазовиймедичнийколед,2018
Медичний коледж Івано-Франківського національного медичного університету,заклад вищої освіти,02011321,UA26040190010045761,2610100000,town,медичнийколеджванофранквськогонацональногомедичногоунверситет,2020
"Комунальний заклад фахової передвищої освіти ""Івано-Франківський медичний фаховий коледж"" Івано-Франківської обласної ради",заклад вищої освіти,02011321,UA26040190010045761,2610100000,town,фаховапередвищаосвтиванофранквськиймедичнийколеджванофранквськаобласно,"2021, 2023"
"Комунальний заклад ""Бериславський медичний коледж"" Херсонської обласної ради",вищий навчальний заклад I-II рівнів акредитації,02011634,UA65020010010095508,6520610100,town,бериславськиймедичнийколеджхерсонськаобласно,2018
"Ліцей природничо-математичного напрямку (біолого-хімічний профіль) комунального закладу ""Бериславський медичний коледж"" Херсонської обласної ради",ліцей,02011634,UA65020010010095508,6520610100,town,лцейприродничоматематичногонапрямкубериславськиймедичнийколеджхерсонськаобласно,"2016, 2017, 2019, 2020"
"Комунальний заклад ""Бериславський медичний коледж"" Херсонської обласної ради",заклад вищої освіти,02011634,UA65020010010095508,6520610100,town,бериславськиймедичнийколеджхерсонськаобласно,"2019, 2020"
"Комунальний заклад ""Бериславський медичний фаховий коледж"" Херсонської обласної ради",заклад фахової передвищої освіти,02011634,UA65020010010095508,6520610100,town,бериславськиймедичнийколеджхерсонськаобласно,"2021, 2022, 2023, 2024, 2025"
"Ліцей природничо-математичного напрямку (біолого-хімічний профіль) комунального закладу ""Бериславський медичний фаховий коледж"" Херсонської обласної ради",ліцей,02011634,UA65020010010095508,6520610100,town,лцейприродничоматематичногонапрямкубериславськиймедичнийколеджхерсонськаобласно,2021
Черкаська медична академія,вищий навчальний заклад I-II рівнів акредитації,02011686,UA71080490010144486,7110136400,city,черкаськамедичнаакадем,2018
Черкаська медична академія,вищий навчальний заклад III-IV рівнів акредитації,02011686,UA71080490010259590,7110136700,city,черкаськамедичнаакадем,"2023, 2025"
Черкаська медична академія,заклад вищої освіти,02011686,UA71080490010144486,7110136400,city,черкаськамедичнаакадем,"2019, 2020, 2021, 2022, 2023, 2024, 2025"
"Комунальний заклад освіти "" Середня загальноосвітня школа №24"" Дніпровської міської ради",середня загальноосвітня школа,02124769,UA12020010010475293,1210138400,city,освтисереднязагальноосвтняшкола24днпровська,"2017, 2018, 2019, 2020, 2021, 2022, 2023"
"Комунальний заклад освіти ""Середня загальноосвітня школа № 39"" Дніпровської міської ради",середня загальноосвітня школа,02124769,UA12020010010475293,1210138400,city,освтисереднязагальноосвтняшкола39днпровська,"2017, 2018, 2019, 2020, 2021, 2022, 2023"
"Комунальний заклад освіти ""Середня загальноосвітня школа №24"" Дніпровської міської ради",середня загальноосвітня школа,02124769,UA12020010010475293,1210138400,city,освтисереднязагальноосвтняшкола24днпровська,2024
Кременчуцький педагогічний коледж імені А.С.Макаренка,вищий навчальний заклад I-II рівнів акредитації,02125496,UA53020110010112104,5310436100,city,кременчуцькийпедагогчнийколеджменасмакаренк,2018
"Науковий ліцей ""Політ"" при Кременчуцькому педагогічному коледжі імені А.С.Макаренка",науковий ліцей,02125496,UA53020110010112104,5310436100,city,науковийлцейполтприкременчуцькомупедагогчномуколеджменасмакаренк,2022
Кременчуцький педагогічний коледж імені А.С.Макаренка,заклад вищої освіти,02125496,UA53020110010112104,5310436100,city,кременчуцькийпедагогчнийколеджменасмакаренк,"2019, 2020, 2021, 2022"
Полтавська обласна спеціалізована школа-інтернат ІІ-ІІІ ступенів з поглибленим вивченням окремих предметів та курсів при Кременчуцькому педагогічному коледжі імені А.С.Макаренка,спеціалізована школа-інтернат,02125496,UA53020110010112104,5310436100,city,полтавськаобласнаспецалзованашколантернат3ступзпоглибленимвивченямокремихпредметвтакурсвприкременчуцькомупедагогчномуколеджменасмакаренк,"2016, 2017, 2018"
"Обласний коледж ""Кременчуцька гуманітарно-технологічна академія імені А.С. Макаренка"" Полтавської обласної ради",заклад вищої освіти,02125496,UA53020110010112104,5310436100,city,обласнийколеджкременчуцькагумантарнотехнологчнаакадемяменасмакаренкаполтавськаобласно,"2023, 2024"
"Комунальний заклад вищої освіти ""Кременчуцька гуманітарно-технологічна академія"" Полтавської обласної ради",вищий навчальний заклад III-IV рівнів акредитації,02125496,UA53020110010112104,5310436100,city,вищаосвтикременчуцькагумантарнотехнологчнаакадемяполтавськаобласно,2025
Коледж Чернівецького національного університету ім. Ю. Федьковича,вищий навчальний заклад I-II рівнів акредитації,02125680,UA73060610010033137,7310100000,town,коледжчернвецькогонацональногоунверситетуменюфедькович,2018
Педагогічний фаховий коледж Чернівецького національного університету ім. Ю. Федьковича,заклад фахової передвищої освіти,02125680,UA73060610010033137,7310100000,town,педагогчнийколеджчернвецькогонацональногоунверситетуменюфедькович,"2021, 2022, 2023, 2024, 2025"
Педагогічний коледж Чернівецького національного університету ім. Ю. Федьковича,вищий навчальний заклад I-II рівнів акредитації,02125680,UA73060610010033137,7310100000,town,педагогчнийколеджчернвецькогонацональногоунверситетуменюфедькович,2018
Педагогічний коледж Чернівецького національного університету ім. Ю. Федьковича,заклад вищої освіти,02125680,UA73060610010033137,7310100000,town,педагогчнийколеджчернвецькогонацональногоунверситетуменюфедькович,"2019, 2020"
"Комунальний заклад Львівської обласної ради ""Львівське училище фізичної культури"" (загальноосвітня школа-інтернат)",середня загальноосвітня школа-інтернат,02136962,UA46060250010515336,4610136900,city,льввськаобласнальввськеучилищефзичнакультур,"2016, 2017, 2018, 2019, 2020"
"Комунальний заклад Львівської обласної ради ""Львівський фаховий коледж спорту""",заклад фахової передвищої освіти,02136962,UA46060250010515336,4610136900,city,льввськаобласнальввськийколеджспорт,"2023, 2024, 2025"
"Комунальний заклад Львівської обласної ради ""Львівський фаховий коледж спорту"" (загальноосвітня школа-інтернат)",середня загальноосвітня школа,02136962,UA46060250010515336,4610136900,city,льввськаобласнальввськийколеджспорт,"2021, 2022, 2023"
Некрасовська загальноосвітня школа I-III ступенів,середня загальноосвітня школа,02141302,UA05020310120033528,0520684203,village,некрасовськазагальноосвтняшкола3ступен,"2016, 2017, 2018, 2019, 2020, 2021"
Агрономічненська середня загальноосвітня школа I-III ступенів,середня загальноосвітня школа,02141302,UA05020010010058853,0520680203,village,агрономчненськасереднязагальноосвтняшкола3ступен,"2016, 2017"
Агрономічненська середня загальноосвітня школа I-III ступенів Вінницького району Вінницької області,середня загальноосвітня школа,02141302,UA05020010010058853,0520680203,village,агрономчненськасереднязагальноосвтняшкола3ступен,"2018, 2019, 2020, 2021, 2022"
"Комунальний заклад освіти ""Середня загальноосвітня школа №31"" Дніпровської міської ради",середня загальноосвітня школа,02142201,UA12020010010757287,1210137800,city,освтисереднязагальноосвтняшкола31днпровська,"2017, 2018, 2019, 2020, 2021, 2022, 2023"
"Комунальний заклад освіти ""Середня загальноосвітня школа №62"" Дніпровської міської ради",середня загальноосвітня школа,02142201,UA12020010010757287,1210137800,city,освтисереднязагальноосвтняшкола62днпровська,"2017, 2018, 2019, 2020, 2022, 2023"
"Комунальний заклад освіти ""Середня загальноосвітня школа №34"" Дніпровської міської ради",середня загальноосвітня школа,02142201,UA12020010010757287,1210137800,city,освтисереднязагальноосвтняшкола34днпровська,"2017, 2018, 2019, 2020, 2021, 2022, 2023"
Апостолівський районний ліцей - інтернат Зеленодольської міської ради Апостолівського району Дніпропетровської області,ліцей,02142394,UA12060130010067974,1220310300,town,апостолвськийийлцейнтернатзеленодольська,"2020, 2021"
Зеленодольська загальноосвітня школа І-ІІІ ступенів №2 Зеленодольської міської ради Апостолівського району Дніпропетровської області,середня загальноосвітня школа,02142394,UA12060130010067974,1220310300,town,зеленодольськазагальноосвтняшкола3ступ2зеленодольська,"2020, 2021"
Костянтинівська загальноосвітня школа I-III ступенів № 5 Костянтинівської міської ради Донецької області,середня загальноосвітня школа,02142879,UA14120070010085843,1412600000,town,костянтинвськазагальноосвтняшкола3ступ5костянтинвська,"2016, 2017, 2018, 2019"
Костянтинівська загальноосвітня школа I-III ступенів № 4 Костянтинівської міської ради Донецької області,середня загальноосвітня школа,02142879,UA14120070010085843,1412600000,town,костянтинвськазагальноосвтняшкола3ступ4костянтинвська,"2016, 2017, 2018, 2019"
Костянтинівська загальноосвітня школа I-III ступенів № 9 Костянтинівської міської ради Донецької області,середня загальноосвітня школа,02142879,UA14120070010085843,1412600000,town,костянтинвськазагальноосвтняшкола3ступ9костянтинвська,"2016, 2017, 2018, 2019, 2020, 2021"
Костянтинівський заклад загальної середньої освіти І-ІІ ступенів №8 Костянтинівської міської ради Донецької області,середня загальноосвітня школа,02142879,UA14120070010085843,1412600000,town,костянтинвський2ступ8костянтинвська,2023
Костянтинівська загальноосвітня школа I-III ступенів № 15 Костянтинівської міської ради Донецької області,середня загальноосвітня школа,02142879,UA14120070010085843,1412600000,town,костянтинвськазагальноосвтняшкола3ступ15костянтинвська,"2016, 2017, 2018, 2019, 2022, 2023"
Костянтинівська загальноосвітня школа I-III ступенів № 3 Костянтинівської міської ради Донецької області,середня загальноосвітня школа,02142879,UA14120070010085843,1412600000,town,костянтинвськазагальноосвтняшкола3ступ3костянтинвська,"2016, 2017, 2018, 2019"
Тетерівська загальноосвітня школа I-III ступенів,середня загальноосвітня школа,02143040,UA18040530010026726,1822087201,village,тетервськазагальноосвтняшкола3ступен,"2016, 2017, 2018, 2019, 2020, 2021"
"опорний навчальний заклад ""Левківська загальноосвітня школа I-III ступенів"" Житомирської районної ради",середня загальноосвітня школа,02143040,UA18040150090080908,1822084101,village,опорнийнавчальнийзакладлевквськазагальноосвтняшкола3ступжитомирська,"2020, 2021"
"Поберезький навчально-виховний комплекс "" Загальноосвітня школа І-ІІІ ступенів - дошкільний навчальний заклад"" Тисменицької районної ради Івано-Франківської області",навчально-виховний комплекс,02143525,UA26040150040065748,2625884101,village,поберезькийнавчальновиховнийкомплексзагальноосвтняшкола3ступдошкльнийнавчальнийзакладтисменицька,"2017, 2018, 2019, 2020"
Чорнолізька загальноосвітня школа І-ІІІ ступенів Тисменицької районної ради Івано-Франківської області,середня загальноосвітня школа,02143525,UA26040330190052769,2625888101,village,чорнолзьказагальноосвтняшкола3ступтисменицька,"2016, 2017, 2018, 2019, 2020, 2021"
Старокривотульська загальноосвітня школа І-ІІІ ступенів Тисменицької районної ради Івано-Франківської області,середня загальноосвітня школа,02143525,UA26040330150015102,2625885501,village,старокривотульськазагальноосвтняшкола3ступтисменицька,"2016, 2017, 2018, 2019, 2020, 2021"
Середня школа №1 імені Т. Г. Шевченка м. Самбора,середня загальноосвітня школа,02144795,UA46080130010066889,4610900000,town,середняшкола1ментгшевченкамсамбор,"2016, 2017, 2018"
Середня школа №1 імені Т.Г.Шевченка м.Самбора,середня загальноосвітня школа,02144795,UA46080130010066889,4610900000,town,середняшкола1ментгшевченкамсамбор,"2019, 2020, 2021, 2022"
Середня школа №1 ім. Т.Г. Шевченка м. Самбора Львівської області,середня загальноосвітня школа,02144795,UA46080130010066889,4610900000,town,середняшкола1ментгшевченкамсамбор,2023
Бориславська загальноосвітня школа І-ІІІ ступенів №8 Бориславської міської ради Львівської області,середня загальноосвітня школа,02144795,UA46020010010087534,4610300000,town,бориславськазагальноосвтняшкола3ступ8бориславська,"2016, 2017, 2018, 2019, 2021"
Арцизька загальноосвітня школа I-III ступенів № 5 Арцизької районної ради Одеської області,середня загальноосвітня школа,02145085,UA51060010010032913,5120410100,town,арцизьказагальноосвтняшкола3ступ5арцизька,"2017, 2018, 2019, 2020"
Кам'янська загальноосвітня школа I-III ступенів Арцизької районної ради Одеської області,середня загальноосвітня школа,02145085,UA51060010060070745,5120482701,village,камянськазагальноосвтняшкола3ступарцизька,"2016, 2017, 2018, 2019, 2020"
Арцизька загальноосвітня школа I-III ступенів № 5 м.Арциза Одеської області,середня загальноосвітня школа,02145085,UA51060010010032913,5120410100,town,арцизьказагальноосвтняшкола3ступ5марциз,2016
Херсонська загальноосвітня школа I-III ступенів №44 Херсонської міської ради,середня загальноосвітня школа,02146713,UA65100150010361097,6510136900,city,херсонськазагальноосвтняшкола3ступ44херсонська,"2017, 2018, 2019, 2020, 2021, 2022, 2023"
Херсонська загальноосвітня школа I-III ступенів №50 імені Романа Набєгова Херсонської міської ради,середня загальноосвітня школа,02146713,UA65100150010123057,6510136300,city,херсонськазагальноосвтняшкола3ступ50менромананабговахерсонська,"2018, 2019, 2020, 2021, 2022"
"Державний професійно-технічний навчальний заклад ""Дніпровський центр професійно-технічної освіти"" (корпус 3)",заклад професійної (професійно-технічної) освіти,02541409,UA12020010010350200,1210138100,city,державнийпрофесйнотехнчнийнавчальнийзакладднпровськийцентрпрофесйнотехнчнаосвт,2021
"Державний професійно-технічний навчальний заклад ""Дніпровський центр професійно-технічної освіти (відділення зв'язку)""",центр професійно-технічної освіти,02541409,UA12020010010512802,1210136900,city,державнийпрофесйнотехнчнийнавчальнийзакладднпровськийцентрпрофесйнотехнчнаосвт,"2019, 2020"
"Державний професійно-технічний навчальний заклад ""Дніпровський центр професійно-технічної освіти (відділення зв'язку)""",заклад професійної (професійно-технічної) освіти,02541409,UA12020010010512802,1210136900,city,державнийпрофесйнотехнчнийнавчальнийзакладднпровськийцентрпрофесйнотехнчнаосвт,2021
"Державний професійно-технічний навчальний заклад ""Дніпровський центр професійно-технічної освіти""",центр професійно-технічної освіти,02541409,UA12020010010757287,1210137800,city,державнийпрофесйнотехнчнийнавчальнийзакладднпровськийцентрпрофесйнотехнчнаосвт,2019
"Державний професійно-технічний навчальний заклад ""Дніпровський центр професійно-технічної освіти""",заклад професійної (професійно-технічної) освіти,02541409,UA12020010010757287,1210137800,city,державнийпрофесйнотехнчнийнавчальнийзакладднпровськийцентрпрофесйнотехнчнаосвт,"2022, 2023, 2024, 2025"
"Державний професійно-технічний навчальний заклад ""Дніпровський центр професійно-технічної освіти"" (корпус 3)",центр професійно-технічної освіти,02541409,UA12020010010350200,1210138100,city,державнийпрофесйнотехнчнийнавчальнийзакладднпровськийцентрпрофесйнотехнчнаосвт,"2019, 2020"
"Деожавний професійно-технічний навчальний заклад ""Кам'янський центр підготовки та перепідготовки робітничих кадрів будівництва та автотранспорту""",центр підготовки і перепідготовки робітничих кадрів,02541527,UA12040050030016744,1221055800,urban village,деожавнийпрофесйнотехнчнийнавчальнийзакладкамянськийцентрпдготовкитаперепдготовкиробтничихкадрвбудвництватаавтотранспорт,"2019, 2020"
"Державний професійно-технічний навчальний заклад ""Кам'янський центр підготовки та перепідготовки робітничих кадрів будівництва та автотранспорту""",професійно-технічне училище відповідного профілю,02541527,UA12040150010395824,1210436300,city,державнийпрофесйнотехнчнийнавчальнийзакладкамянськийцентрпдготовкитаперепдготовкиробтничихкадрвбудвництватаавтотранспорт,2018
"Державний професійно-технічний навчальний заклад ""Кам'янський центр підготовки та перепідготовки робітничих кадрів будівництва та автотранспорту""",центр підготовки і перепідготовки робітничих кадрів,02541527,UA12040150010395824,1210436300,city,державнийпрофесйнотехнчнийнавчальнийзакладкамянськийцентрпдготовкитаперепдготовкиробтничихкадрвбудвництватаавтотранспорт,"2019, 2020"
"Державний професійно-технічний навчальний заклад ""Кам'янський центр підготовки та перепідготовки робітничих кадрів будівництва та автотранспорту""",заклад професійної (професійно-технічної) освіти,02541527,UA12040050030016744,1221055800,urban village,державнийпрофесйнотехнчнийнавчальнийзакладкамянськийцентрпдготовкитаперепдготовкиробтничихкадрвбудвництватаавтотранспорт,2021
"Державний професійно-технічний навчальний заклад ""Кам'янський центр підготовки та перепідготовки робітничих кадрів будівництва та автотранспорту""",заклад професійної (професійно-технічної) освіти,02541527,UA12040150010395824,1210436300,city,державнийпрофесйнотехнчнийнавчальнийзакладкамянськийцентрпдготовкитаперепдготовкиробтничихкадрвбудвництватаавтотранспорт,2021
"Державний професійно-технічний навчальний заклад ""Кам`янський центр підготовки та перепідготовки робітничих кадрів будівництва та автотранспорту""",заклад професійної (професійно-технічної) освіти,02541527,UA12040150010395824,1210436300,city,державнийпрофесйнотехнчнийнавчальнийзакладкамянськийцентрпдготовкитаперепдготовкиробтничихкадрвбудвництватаавтотранспорт,"2023, 2024, 2025"
"Державний професійно-технічний навчальний заклад ""Західно-Дніпровський центр професійно-технічної освіти"" c. Саксагань",заклад професійної (професійно-технічної) освіти,02541846,UA12040230010024032,1224587001,village,державнийпрофесйнотехнчнийнавчальнийзакладзахдноднпровськийцентрпрофесйнотехнчнаосвтиссаксаган,2021
"Державний професійно-технічний навчальний заклад ""Західно-Дніпровський центр професійно-технічної освіти"" (філія 3)",професійно-технічне училище відповідного профілю,02541846,UA12040110010051141,1210700000,town,державнийпрофесйнотехнчнийнавчальнийзакладзахдноднпровськийцентрпрофесйнотехнчнаосвт,"2019, 2020"
"Державний професійно-технічний навчальний заклад ""Західно-Дніпровський центр професійно-технічної освіти""",заклад професійної (професійно-технічної) освіти,02541846,UA12040230010024032,1224587001,village,державнийпрофесйнотехнчнийнавчальнийзакладзахдноднпровськийцентрпрофесйнотехнчнаосвт,"2023, 2024, 2025"
"Державний професійно-технічний навчальний заклад ""Західно-Дніпровський центр професійно-технічної освіти""",професійно-технічне училище відповідного профілю,02541846,UA12040230010024032,1224587001,village,державнийпрофесйнотехнчнийнавчальнийзакладзахдноднпровськийцентрпрофесйнотехнчнаосвт,"2019, 2020"
"Державний професійно-технічний навчальний заклад ""Західно-Дніпровський центр професійно-технічної освіти"" (філія 3)",заклад професійної (професійно-технічної) освіти,02541846,UA12040110010051141,1210700000,town,державнийпрофесйнотехнчнийнавчальнийзакладзахдноднпровськийцентрпрофесйнотехнчнаосвт,"2021, 2022"
"Державний професійно-технічний навчальний заклад ""Західно-Дніпровський центр професійно-технічної освіти"" (філія 2)",професійно-технічне училище відповідного профілю,02541846,UA12040090010047409,1210200000,town,державнийпрофесйнотехнчнийнавчальнийзакладзахдноднпровськийцентрпрофесйнотехнчнаосвт,"2019, 2020"
"Державний професійно-технічний навчальний заклад ""Західно-Дніпровський центр професійно-технічної освіти"" (філія 2)",заклад професійної (професійно-технічної) освіти,02541846,UA12040090010047409,1210200000,town,державнийпрофесйнотехнчнийнавчальнийзакладзахдноднпровськийцентрпрофесйнотехнчнаосвт,2021
Територіальне відокремлене спеціалізоване відділення смт. Пулини Головинського вищого професійного училища нерудних технологій,заклад професійної (професійно-технічної) освіти,02543472,UA18040430010090823,1825455100,urban village,територальневдокремленеспецалзованевддленясмтпулиниголовинськоговищогопрофесйногоучилищанеруднихтехнолог,"2022, 2023"
Головинське вище професійне училище нерудних технологій,вище професійне училище,02543472,UA18040590020094887,1825655500,urban village,головинськевищепрофесйнеучилищенеруднихтехнолог,"2018, 2019, 2020"
Головинське вище професійне училище нерудних технологій,заклад професійної (професійно-технічної) освіти,02543472,UA18040590020094887,1825655500,urban village,головинськевищепрофесйнеучилищенеруднихтехнолог,"2021, 2023, 2024"
Головинське вище професійне училище нерудних технологійТериторіальне відокремлене спеціалізоване відділення м. Радомишль,заклад професійної (професійно-технічної) освіти,02543472,UA18040450010049683,1825010100,town,головинськевищепрофесйнеучилищенеруднихтехнологйтериторальневдокремленеспецалзованевддленямрадомишл,"2022, 2023"
"ЗАКЛАД ПРОФЕСІЙНОЇ (ПРОФЕСІЙНО-ТЕХНІЧНОЇ) ОСВІТИ ""ПОЛІСЬКИЙ ІНДУСТРІАЛЬНИЙ ПРОФЕСІЙНИЙ КОЛЕДЖ""",заклад професійної (професійно-технічної) освіти,02543472,UA18040590020094887,1825655500,urban village,закладпрофесйнаосвтиполськийндустральнийпрофесйнийколед,2025
"ДНЗ ""Чубарівський центр професійно-технічної освіти"" (відділення в смт Більмак)",професійно-технічне училище відповідного профілю,02543822,UA23100010010076329,2322755100,urban village,днзчубарвськийцентрпрофесйнотехнчнаосвт,2018
Територіальне відокремлене спеціалізоване відділення Федорівського центру професійної освіти,заклад професійної (професійно-технічної) освіти,02543822,UA23060030010056906,2321510100,town,територальневдокремленеспецалзованевддленяфедорвськогоцентрупрофесйнаосвт,2021
ФЕДОРІВСЬКИЙ ЦЕНТР ПРОФЕСІЙНОЇ ОСВІТИ,професійно-технічне училище відповідного профілю,02543822,UA23100290010097828,2324288201,village,федорвськийцентрпрофесйнаосвт,"2019, 2020"
Федорівський центр професійної освіти,заклад професійної (професійно-технічної) освіти,02543822,UA23060070010474202,2310136700,city,федорвськийцентрпрофесйнаосвт,"2023, 2024, 2025"
Територіальне відокремлене спеціалізоване відділення Федорівського центру професійної освіти,професійно-технічне училище відповідного профілю,02543822,UA23060030010056906,2321510100,town,територальневдокремленеспецалзованевддленяфедорвськогоцентрупрофесйнаосвт,2020
"ДНЗ ""Чубарівський центр професійно-технічної освіти""",професійно-технічне училище відповідного профілю,02543822,UA23100290010097828,2324288201,village,днзчубарвськийцентрпрофесйнотехнчнаосвт,2018
ФЕДОРІВСЬКИЙ ЦЕНТР ПРОФЕСІЙНОЇ ОСВІТИ,заклад професійної (професійно-технічної) освіти,02543822,UA23100290010097828,2324288201,village,федорвськийцентрпрофесйнаосвт,"2021, 2022"
ФЕДОРІВСЬКИЙ ЦЕНТР ПРОФЕСІЙНОЇ ОСВІТИ (відділення в смт Більмак),заклад професійної (професійно-технічної) освіти,02543822,UA23100010010076329,2322755100,urban village,федорвськийцентрпрофесйнаосвт,2023
"ДНЗ ""Запорізьке вище професійне училище моди і стилю"" (відокремлений корпус)",заклад професійної (професійно-технічної) освіти,02543880,UA23100170010023304,2323910100,town,днззапорзькевищепрофесйнеучилищемодистил,2023
"ДНЗ ""Запорізьке вище професійне училище моди і стилю""",вище професійне училище,02543880,UA23060070010595678,2310136300,city,днззапорзькевищепрофесйнеучилищемодистил,"2018, 2019, 2020"
"ДНЗ ""Запорізьке вище професійне училище моди і стилю"" (філія)",вище професійне училище,02543880,UA23100170010023304,2323910100,town,днззапорзькевищепрофесйнеучилищемодистил,2019
"ДНЗ ""Запорізьке вище професійне училище моди і стилю""",заклад професійної (професійно-технічної) освіти,02543880,UA23060070010595678,2310136300,city,днззапорзькевищепрофесйнеучилищемодистил,"2021, 2022"
"Державний навчальний заклад ""Запорізьке вище професійне училище моди і стилю""",заклад професійної (професійно-технічної) освіти,02543880,UA23060070010595678,2310136300,city,запорзькевищепрофесйнеучилищемодистил,"2023, 2024"
"Заклад професійної (професійно-технічної) освіти ""Запорізький професійний коледж моди і стилю""",заклад професійної (професійно-технічної) освіти,02543880,UA23060070010595678,2310136300,city,закладпрофесйнаосвтизапорзькийпрофесйнийколеджмодистил,2025
"ДЕРЖАВНИЙ НАВЧАЛЬНИЙ ЗАКЛАД ""КУП'ЯНСЬКИЙ РЕГІОНАЛЬНИЙ ЦЕНТР ПРОФЕСІЙНОЇ ОСВІТИ""",заклад професійної (професійно-технічної) освіти,02547856,UA63080090020061282,6310745400,urban village,купянськийрегональнийцентрпрофесйнаосвт,"2021, 2022"
"ДЕРЖАВНИЙ НАВЧАЛЬНИЙ ЗАКЛАД ""КУП'ЯНСЬКИЙ РЕГІОНАЛЬНИЙ ЦЕНТР ПРОФЕСІЙНОЇ ОСВІТИ""",центр професійної освіти,02547856,UA63080090020061282,6310745400,urban village,купянськийрегональнийцентрпрофесйнаосвт,"2019, 2020"
"Державний навчальний заклад ""Куп'янський регіональний центр професійної освіти""",центр професійної освіти,02547856,UA63080090020061282,6310745400,urban village,купянськийрегональнийцентрпрофесйнаосвт,2018
"Державний навчальний заклад ""Куп'янський регіональний центр професійної освіти""",заклад професійної (професійно-технічної) освіти,02547856,UA63080090020061282,6310745400,urban village,купянськийрегональнийцентрпрофесйнаосвт,"2023, 2024, 2025"
"Територіально відокремлене спеціалізоване відділення Державного навчального закладу ""Куп'янський регіональний центр професійної освіти""",заклад професійної (професійно-технічної) освіти,02547856,UA63080150010082504,6325755100,urban village,територальновдокремленеспецалзованевддленядержавногонавчальногозакладукупянськийрегональнийцентрпрофесйнаосвт,2023
Барський гуманітарно-педагогічний коледж імені Михайла Грушевського,вищий навчальний заклад I-II рівнів акредитації,02904160,UA05060010010059821,0520210100,town,барськийгумантарнопедагогчнийколеджменмихайлагрушевськог,2018
"Комунальний заклад вищої освіти ""Барський гуманітарно-педагогічний коледж імені Михайла Грушевського""",заклад вищої освіти,02904160,UA05060010010059821,0520210100,town,вищаосвтибарськийгумантарнопедагогчнийколеджменмихайлагрушевськог,"2021, 2022, 2023, 2024, 2025"
Барський гуманітарно-педагогічний коледж імені Михайла Грушевського,заклад вищої освіти,02904160,UA05060010010059821,0520210100,town,барськийгумантарнопедагогчнийколеджменмихайлагрушевськог,"2019, 2020"
Обласний гуманітарний ліцей-інтернат для обдарованих дітей при Барському гуманітарно-педагогічному коледжі ім. Михайла Грушевського,ліцей,02904160,UA05060010010059821,0520210100,town,обласнийгумантарнийлцейнтернатдляобдарованихдтейприбарськомугумантарнопедагогчномуколеджменмихайлагрушевськог,"2017, 2018, 2019, 2020"
"Комунальний спеціалізований навчальний заклад спортивного профілю""Дніпропетровське вище училище фізичної культури"" Дніпропетровської обласної ради""",середня загальноосвітня школа-інтернат,04544524,UA12020010010816623,1210136600,city,комунальнийспецалзованийнавчальнийзакладспортивногопрофлюднпропетровськевищеучилищефзичнакультуриднпропетровськаобласно,"2017, 2018, 2019"
"Комунальний заклад ""Дніпропетровський фаховий коледж спорту"" Дніпропетровської обласної ради",середня загальноосвітня школа,04544524,UA12020010010816623,1210136600,city,днпропетровськийколеджспортуднпропетровськаобласно,2021
"Комунальний заклад ""Дніпропетровський фаховий коледж спорту"" Дніпропетровської обласної ради""",спортивний ліцей,04544524,UA12020010010816623,1210136600,city,днпропетровськийколеджспортуднпропетровськаобласно,"2022, 2023"
"Комунальний заклад ""Дніпропетровський фаховий коледж спорту"" Дніпропетровської областної ради",середня загальноосвітня школа-інтернат,04544524,UA12020010010816623,1210136600,city,днпропетровськийколеджспортуднпропетровськаобластно,2020
"Комунальний спеціалізований навчальний заклад спортивного профілю""Дніпропетровське вище училище фізичної культури"" Дніпропетровської обласної ради""",середня загальноосвітня школа,04544524,UA12020010010816623,1210136600,city,комунальнийспецалзованийнавчальнийзакладспортивногопрофлюднпропетровськевищеучилищефзичнакультуриднпропетровськаобласно,2016
КОМУНАЛЬНИЙ ЗАКЛАД “ДНІПРОПЕТРОВСЬКИЙ ФАХОВИЙ КОЛЕДЖ СПОРТУ” ДНІПРОПЕТРОВСЬКОЇ ОБЛАСНОЇ РАДИ”,заклад фахової передвищої освіти,04544524,UA12020010010816623,1210136600,city,днпропетровськийколеджспорту”днпропетровськаобласна,"2023, 2024, 2025"
Вараська загальноосвітня школа І-ІІІ ступенів №2 Вараської міської ради Рівненської області,середня загальноосвітня школа,04590731,UA56020030010034121,5610700000,town,вараськазагальноосвтняшкола3ступ2вараська,"2018, 2019, 2020"
Вараська загальноосвітня школа І-ІІІ ступенів №5 Вараської міської ради Рівненської області,середня загальноосвітня школа,04590731,UA56020030010034121,5610700000,town,вараськазагальноосвтняшкола3ступ5вараська,"2018, 2019, 2020"
Рафалівський ліцей Рівненської області,ліцей,04590760,UA56020150010083249,5620855400,urban village,рафалвськийлце,"2022, 2023, 2024, 2025"
Рафалівська загальноосвітня школа ІІ-ІІІ ступенів Володимирецької районної ради Рівненської області,середня загальноосвітня школа,04590760,UA56020150010083249,5620855400,urban village,рафалвськазагальноосвтняшкола3ступволодимирецька,"2016, 2017, 2018, 2019, 2020, 2021"
Рафалівська загальноосвітня школа І-ІІІ ступенів Володимирецької районної ради Рівненської області,середня загальноосвітня школа,04590760,UA56020150010083249,5620855400,urban village,рафалвськазагальноосвтняшкола3ступволодимирецька,"2016, 2017, 2018, 2019, 2020, 2021"
Харківське державне вище училище фізичної культури №1,спеціалізована школа,04591392,UA63120270010948820,6310136300,city,харквськедержавневищеучилищефзичнакультури1,"2024, 2025"
Харківське державне вище училище фізичної культури № 1 (загальноосвітні класи),спеціалізована школа-інтернат,04591392,UA63120270010948820,6310136300,city,харквськедержавневищеучилищефзичнакультури1,"2016, 2017, 2018, 2019, 2020"
Харківський фаховий коледж спорту,заклад фахової передвищої освіти,04591392,UA63120270010948820,6310136300,city,харквськийколеджспорт,"2023, 2024, 2025"
Харківське державне вище училище фізичної культури № 1 (загальноосвітні класи),спеціалізована школа,04591392,UA63120270010948820,6310136300,city,харквськедержавневищеучилищефзичнакультури1,2021
Харківський фаховий коледж спорту (загальноосвітні класи),спортивний ліцей,04591392,UA63120270010948820,6310136300,city,харквськийколеджспорт,"2022, 2023"
"Коледж економіки і управління Державного вищого навчального закладу ""Київський національний економічний університет імені Вадима Гетьмана""",вищий навчальний заклад I-II рівнів акредитації,04618613,UA80000000000980793,8038900000,city,коледжекономкиуправлнядержавноговищогонавчальногозакладукивськийнацональнийекономчнийунверситетменвадимагетьман,2018
"Відокремлений структурний підрозділ ""Фаховий економічний коледж Київського національного економічного університету імені Вадима Гетьмана""",заклад фахової передвищої освіти,04618613,UA80000000000875983,8038600000,city,економчнийколеджкивськогонацональногоекономчногоунверситетуменвадимагетьман,"2023, 2024, 2025"
"Відокремлений структурний підрозділ ""Фаховий економічний коледж державного вищого навчального закладу ""Київський національний економічний університет імені Вадима Гетьмана""",заклад вищої освіти,04618613,UA80000000000875983,8038600000,city,економчнийколедждержавноговищогонавчальногозакладукивськийнацональнийекономчнийунверситетменвадимагетьман,2022
"Економічний коледж державного вищого навчального закладу ""Київський національний економічний університет імені Вадима Гетьмана""",заклад вищої освіти,04618613,UA80000000000875983,8038600000,city,економчнийколедждержавноговищогонавчальногозакладукивськийнацональнийекономчнийунверситетменвадимагетьман,"2019, 2020"
"Економічний коледж державного вищого навчального закладу ""Київський національний економічний університет імені Вадима Гетьмана""",вищий навчальний заклад I-II рівнів акредитації,04618613,UA80000000000875983,8038600000,city,економчнийколедждержавноговищогонавчальногозакладукивськийнацональнийекономчнийунверситетменвадимагетьман,2018
"Фаховий економічний коледж державного вищого навчального закладу ""Київський національний економічний університет імені Вадима Гетьмана""",заклад вищої освіти,04618613,UA80000000000875983,8038600000,city,економчнийколедждержавноговищогонавчальногозакладукивськийнацональнийекономчнийунверситетменвадимагетьман,2021
"Коледж економіки, права та інформаційних технологій Вищого навчального закладу ""Університет економіки та права ""КРОК""",вищий навчальний заклад I-II рівнів акредитації,04635922,UA80000000001078669,8039100000,city,коледжекономкиправатанформацйнихтехнологйвищогонавчальногозакладуунверситетекономкитаправакро,2018
"Коледж економіки, права та інформаційних технологій Вищого навчального закладу ""Університет економіки та права ""КРОК""",заклад вищої освіти,04635922,UA80000000001078669,8039100000,city,коледжекономкиправатанформацйнихтехнологйвищогонавчальногозакладуунверситетекономкитаправакро,"2019, 2020, 2021"
"Інститут управління природними ресурсами Вищого навчального закладу ""Університет економіки та права ""КРОК""",вищий навчальний заклад III-IV рівнів акредитації,04635922,UA26080070010075786,2610600000,town,нститутуправлняприроднимиресурсамивищогонавчальногозакладуунверситетекономкитаправакро,2024
"Фаховий коледж Університету ""КРОК""",заклад вищої освіти,04635922,UA80000000001078669,8039100000,city,коледжунверситетукро,"2022, 2023"
"Вищий навчальний заклад ""Університет економіки та права ""КРОК""",заклад вищої освіти,04635922,UA80000000001078669,8039100000,city,вищийнавчальнийзакладунверситетекономкитаправакро,2024
"Вищий навчальний заклад ""Університет економіки та права ""КРОК""",вищий навчальний заклад III-IV рівнів акредитації,04635922,UA80000000001078669,8039100000,city,вищийнавчальнийзакладунверситетекономкитаправакро,2025
"Ходорівське відділення ВСП ""Технічний фаховий коледж Національного університету ""Львівська політехніка""",заклад фахової передвищої освіти,05393837,UA46100270010046817,4621510500,town,ходорвськевддленятехнчнийколеджнацональногоунверситетульввськаполтехнк,"2024, 2025"
"Ходорівське відділення ВСП - Технічний коледж Національного університету ""Львівська політехніка""",заклад вищої освіти,05393837,UA46100270010046817,4621510500,town,ходорвськевддленятехнчнийколеджнацональногоунверситетульввськаполтехнк,"2019, 2020, 2021"
"Ходорівське відділення ВСП - Технічний коледж Національного університету ""Львівська політехніка""",вищий навчальний заклад I-II рівнів акредитації,05393837,UA46100270010046817,4621510500,town,ходорвськевддленятехнчнийколеджнацональногоунверситетульввськаполтехнк,2018
"Відокремлений структурний підрозділ - Технічний коледж Національного університету ""Львівська політехніка""",заклад вищої освіти,05393837,UA46060250010457177,4610136800,city,технчнийколеджнацональногоунверситетульввськаполтехнк,"2019, 2020"
"Відокремлений структурний підрозділ ""Технічний фаховий коледж Національного університету ""Львівська політехніка""""",заклад вищої освіти,05393837,UA46060250010457177,4610136800,city,технчнийколеджнацональногоунверситетульввськаполтехнк,"2021, 2022"
"Відокремлений структурний підрозділ ""Технічний фаховий коледж Національного університету ""Львівська політехніка""",заклад фахової передвищої освіти,05393837,UA46060250010457177,4610136800,city,технчнийколеджнацональногоунверситетульввськаполтехнк,"2023, 2024, 2025"
"Відокремлений структурний підрозділ - Технічний коледж Національного університету ""Львівська політехніка""",вищий навчальний заклад I-II рівнів акредитації,05393837,UA46060250010457177,4610136800,city,технчнийколеджнацональногоунверситетульввськаполтехнк,2018
"КОМУНАЛЬНИЙ ЗАКЛАД ""ХАРКІВСЬКИЙ ПРОФЕСІЙНИЙ КОЛЕДЖ СПОРТИВНОГО ПРОФІЛЮ"" ХАРКІВСЬКОЇ ОБЛАСНОЇ РАДИ",спеціалізована школа,05401005,UA63120270010216514,6310136600,city,харквськийпрофесйнийколеджспортивногопрофлюхарквськаобласно,2021
"КОМУНАЛЬНИЙ ЗАКЛАД ""ХАРКІВСЬКИЙ ФАХОВИЙ КОЛЕДЖ СПОРТИВНОГО ПРОФІЛЮ"" ХАРКІВСЬКОЇ ОБЛАСНОЇ РАДИ",спеціалізована школа,05401005,UA63120270010216514,6310136600,city,харквськийколеджспортивногопрофлюхарквськаобласно,"2022, 2023"
"Комунальний заклад ""Харківський професійний коледж спортивного профілю"" Харківської обласної ради",спеціалізована школа-інтернат,05401005,UA63120270010216514,6310136600,city,харквськийпрофесйнийколеджспортивногопрофлюхарквськаобласно,2020
Харківське обласне вище училище фізичної культури і спорту,спеціалізована школа-інтернат,05401005,UA63120270010216514,6310136600,city,харквськеобласневищеучилищефзичнакультуриспорт,"2016, 2017, 2018, 2019"
"Комунальний заклад ""Харківський фаховий коледж спортивного профілю"" Харківської обласної ради",заклад фахової передвищої освіти,05401005,UA63120270010216514,6310136600,city,харквськийколеджспортивногопрофлюхарквськаобласно,"2023, 2024, 2025"
"Державний професійно-технічний навчальний заклад ""Дніпровський регіональний центр професійно-технічної освіти""",заклад професійної (професійно-технічної) освіти,05536076,UA12020010010816623,1210136600,city,державнийпрофесйнотехнчнийнавчальнийзакладднпровськийрегональнийцентрпрофесйнотехнчнаосвт,"2021, 2022, 2023, 2024, 2025"
Дніпропетровський регіональний центр професійно-технічної освіти (корпус №1),професійно-технічне училище відповідного профілю,05536076,UA12020010010816623,1210136600,city,днпропетровськийрегональнийцентрпрофесйнотехнчнаосвт,2018
"Державний професійно-технічний навчальний заклад ""Дніпровський регіональний центр професійно-технічної освіти""",центр професійно-технічної освіти,05536076,UA12020010010816623,1210136600,city,державнийпрофесйнотехнчнийнавчальнийзакладднпровськийрегональнийцентрпрофесйнотехнчнаосвт,"2019, 2020"
"ДПТНЗ ""Дніпровський регіональний центр професійно-технічної освіти"" (корпус №2)",професійно-технічне училище відповідного профілю,05536076,UA12020010010757287,1210137800,city,дптнзднпровськийрегональнийцентрпрофесйнотехнчнаосвт,2018
"Заклад професійної (професійно-технічної) освіти “Коростишівський професійний коледж""",заклад професійної (професійно-технічної) освіти,05536413,UA18040250010085012,1822510100,town,закладпрофесйнаосвтикоростишвськийпрофесйнийколед,2025
Коростишівський професійний аграрний ліцей,заклад професійної (професійно-технічної) освіти,05536413,UA18040250010085012,1822510100,town,коростишвськийпрофесйнийаграрнийлце,"2021, 2022, 2023, 2024"
Коростишівський професійний аграрний ліцей. Спеціалізоване відділення №2,заклад професійної (професійно-технічної) освіти,05536413,UA18040610330073912,1825888201,village,коростишвськийпрофесйнийаграрнийлцейспецалзованевддленя2,2021
Коростишівський професійний аграрний ліцей,професійно-технічне училище відповідного профілю,05536413,UA18040250010085012,1822510100,town,коростишвськийпрофесйнийаграрнийлце,"2018, 2019, 2020"
Коростишівський професійний аграрний ліцей. Спеціалізоване відділення №1,заклад професійної (професійно-технічної) освіти,05536413,UA18020010010097402,1820310100,town,коростишвськийпрофесйнийаграрнийлцейспецалзованевддленя1,"2021, 2022"
"Державний професійно-технічний навчальний заклад ""Миколаївський професійний ліцей""",заклад професійної (професійно-технічної) освіти,05536975,UA46100110010094231,4623010100,town,державнийпрофесйнотехнчнийнавчальнийзакладмиколавськийпрофесйнийлце,"2021, 2022, 2023, 2024, 2025"
"Державний професійно-технічний навчальний заклад ""Миколаївський професійний ліцей""",професійний ліцей відповідного профілю,05536975,UA46100110010094231,4623010100,town,державнийпрофесйнотехнчнийнавчальнийзакладмиколавськийпрофесйнийлце,"2019, 2020"
Миколаївський професійний ліцей,професійний ліцей відповідного профілю,05536975,UA48060150010443183,4810137200,city,миколавськийпрофесйнийлце,"2018, 2019, 2020"
"Державний навчальний заклад ""Охтирський центр професійно-технічної освіти""",заклад професійної (професійно-технічної) освіти,05537561,UA59040110010017443,5910200000,town,охтирськийцентрпрофесйнотехнчнаосвт,"2023, 2024, 2025"
"Державний навчальний заклад ""Охтирський центр професійно-технічної освіти"" відокремлений навчальний підрозділ м.Тростянець",центр професійно-технічної освіти,05537561,UA59040130010060037,5925010100,town,охтирськийцентрпрофесйнотехнчнаосвтивдокремленийнавчальнийпдроздлмтростянец,"2018, 2019, 2020"
"Державний навчальнй заклад ""Охтирський центр професійно-технічної освіти""",центр професійно-технічної освіти,05537561,UA59040110010017443,5910200000,town,державнийнавчальнйзакладохтирськийцентрпрофесйнотехнчнаосвт,"2018, 2019, 2020"
"Філія Державного навчального закладу ""Охтирський центр професійно-технічної освіти""",центр професійно-технічної освіти,05537561,UA59040030010059554,5921255100,urban village,флядержавногонавчальногозакладуохтирськийцентрпрофесйнотехнчнаосвт,"2018, 2019, 2020"
"Державний навчальнй заклад ""Охтирський центр професійно-технічної освіти""",заклад професійної (професійно-технічної) освіти,05537561,UA59040110010017443,5910200000,town,державнийнавчальнйзакладохтирськийцентрпрофесйнотехнчнаосвт,"2021, 2022"
"Філія державного навчального закладу""Охтирський центр професійно-технічної освіти"" смт Велика Писарівка",заклад професійної (професійно-технічної) освіти,05537561,UA59040030010059554,5921255100,urban village,флядержавногонавчальногозакладуохтирськийцентрпрофесйнотехнчнаосвтисмтвеликаписарвк,"2023, 2024"
"Державний навчальний заклад ""Охтирський центр професійно-технічної освіти"" відокремлений навчальний підрозділ м.Тростянець",заклад професійної (професійно-технічної) освіти,05537561,UA59040130010060037,5925010100,town,охтирськийцентрпрофесйнотехнчнаосвтивдокремленийнавчальнийпдроздлмтростянец,"2021, 2022"
"Філія Державного навчального закладу ""Охтирський центр професійно-технічної освіти""",заклад професійної (професійно-технічної) освіти,05537561,UA59040030010059554,5921255100,urban village,флядержавногонавчальногозакладуохтирськийцентрпрофесйнотехнчнаосвт,"2021, 2022"
"Комунальна установа ""Киянський заклад загальної середньої освіти І-ІІІ ступенів Барашівської сільської ради Новоград -Волинського району Житомирської області""",ліцей,06669767,UA18080030220024495,1821780415,village,киянський3ступбарашвськановогра,2022
Киянська загальноосвітня школа I-III ступенів,середня загальноосвітня школа,06669767,UA18080190060021466,1824082001,village,киянськазагальноосвтняшкола3ступен,2016
Киянська загальноосвітня школа I-III ступенів,середня загальноосвітня школа,06669767,UA18080030220024495,1821780415,village,киянськазагальноосвтняшкола3ступен,"2016, 2017"
Гошівська загальноосвітня школа I-III ступенів Овруцького району Житомирської області,середня загальноосвітня школа,06670658,UA18060170190063998,1824210114,village,гошвськазагальноосвтняшкола3ступен,2016
Гошівська загальноосвітня школа I-III ступенів імені Анатолія Максимовича Барановського Овруцької міської ради Житомирської області,середня загальноосвітня школа,06670658,UA18060170190063998,1824210114,village,гошвськазагальноосвтняшкола3ступменанатолямаксимовичабарановськогоовруцька,2018
Гошівська загальноосвітня школа I-III ступенів,середня загальноосвітня школа,06670658,UA26060130050079042,2622081101,village,гошвськазагальноосвтняшкола3ступен,"2016, 2017"
"Державна установа ""Житомирська установа виконання покарань (№ 8)""",Пенітенціарна установа,08563369,UA18040190010281147,1810136600,city,державнаустановажитомирськаустановавиконаняпокаран,2025
Житомирська виправна колонія управління Державного департаменту України з питань виконання покарань у Житомирській області (№4),Пенітенціарна установа,08563369,UA18040190010281147,1810136600,city,житомирськавиправнаколоняуправлнядержавногодепартаментуукранизпитаньвиконаняпокарань,2022
Житомирська виправна колонія управління Державного департаменту України з питань виконання покарань у Житомирській області (№4),Пеніціарна установа,08563369,UA18040190010281147,1810136600,city,житомирськавиправнаколоняуправлнядержавногодепартаментуукранизпитаньвиконаняпокарань,2016
Житомирська установа виконання покарань управління Державного департаменту України з питань виконання покарань у Житомирській області (№8),Пенітенціарна установа,08563369,UA18040190010281147,1810136600,city,житомирськаустановавиконаняпокараньуправлнядержавногодепартаментуукранизпитаньвиконаняпокарань,2022
Житомирська установа виконання покарань управління Державного департаменту України з питань виконання покарань у Житомирській області (№8),Пеніціарна установа,08563369,UA18040190010281147,1810136600,city,житомирськаустановавиконаняпокараньуправлнядержавногодепартаментуукранизпитаньвиконаняпокарань,2016
Демківська загальноосвітня школа І-ІІІ ступенів Драбівської районної ради,середня загальноосвітня школа,12345678,UA71040210050050387,7120683501,village,демквськазагальноосвтняшкола3ступдрабвська,2016
Демківська загальноосвітня школа І-ІІІ ступенів Драбівської районної ради Черкаської області,середня загальноосвітня школа,12345678,UA71040210050050387,7120683501,village,демквськазагальноосвтняшкола3ступдрабвська,"2017, 2018, 2019, 2020, 2021"
"Опорний заклад ""Калайдинцівська загальноосвітня школа І-ІІІ ступенів імені Ф.Д.Рубцова"" Лубенської районної ради Полтавської області",середня загальноосвітня школа,12345678,UA53040030150073453,5322883201,village,опорнийзакладкалайдинцвськазагальноосвтняшкола3ступменфдрубцовалубенська,"2018, 2019, 2020"
Дзигівський ліцей Ямпільської міської ради Вінницької області,середня загальноосвітня школа,13325904,UA05080110090063607,0525682201,village,дзигвськийлцейямпльська,"2024, 2025"
Загальноосвітня школа I-III ступенів с. Дзигівка,середня загальноосвітня школа,13325904,UA05080110090063607,0525682201,village,загальноосвтняшкола3ступсдзигвк,"2016, 2017, 2018"
"Опорний навчальний заклад ""Заклад загальної середньої освіти І-ІІІ ступенів с. Дзигівка Ямпільської міської ради Вінницької області""",ліцей,13325904,UA05080110090063607,0525682201,village,опорнийнавчальнийзаклад3ступсдзигвкаямпльська,"2022, 2023"
"Опорний навчальний заклад ""Заклад загальної середньої освіти І-ІІІ ступенів с. Дзигівка Ямпільського району Вінницької області""",середня загальноосвітня школа,13325904,UA05080110090063607,0525682201,village,опорнийнавчальнийзаклад3ступсдзигвк,"2019, 2020, 2021"
філія «Безводнівська гімназія» Дзигівського ліцею Ямпільської міської ради Вінницької області,навчально-виховний комплекс,13325904,UA05080110020015930,0525680401,village,флябезводнвськагмназядзигвськоголцеюямпльська,2024
"Філія ""Сенкевичівська"" Володимир-Волинського ліцею ""Центр освіти"" Волинської обласної ради",ліцей,13353993,UA07080050020030304,0720855700,urban village,флясенкевичвськаволодимирволинськоголцеюцентросвтиволинськаобласно,2021
"Володимир-Волинська спеціалізована школа-інтернат І-ІІІ ступенів ""Центр освіти та соціально-педагогічної підтримки""",спеціалізована школа-інтернат,13353993,UA07020010010041660,0710200000,town,володимирволинськаспецалзованашколантернат3ступцентросвтитасоцальнопедагогчнапдтримк,"2016, 2017, 2018"
"Філія ""Сенкевичівська"" Володимир-Волинського ліцею ""Центр освіти"" Волинської обласної ради",середня загальноосвітня школа-інтернат,13353993,UA07080050020030304,0720855700,urban village,флясенкевичвськаволодимирволинськоголцеюцентросвтиволинськаобласно,2019
"Володимир-Волинський ліцей ""Центр освіти"" Волинської обласної ради",ліцей,13353993,UA07020010010041660,0710200000,town,володимирволинськийлцейцентросвтиволинськаобласно,"2019, 2020, 2021, 2022, 2023"
Володимирський спортивний ліцей Волинської обласної ради,ліцей,13353993,UA07020010010041660,0710200000,town,володимирськийспортивнийлцейволинськаобласно,"2024, 2025"
Литвинівська загальноосвітня школа І-ІІІ ступенів Вишгородського району Київської області,середня загальноосвітня школа,13736702,UA32100030160014972,3221884401,village,литвинвськазагальноосвтняшкола3ступен,"2016, 2017"
Литвинівський ліцей Димерської селищної ради,ліцей,13736702,UA32100030160014972,3221884401,village,литвинвськийлцейдимерська,"2023, 2024, 2025"
Литвинівська загальноосвітня школа І-ІІІ ступенів Димерської селищної ради Вишгородського району Київської області,середня загальноосвітня школа,13736702,UA32100030160014972,3221884401,village,литвинвськазагальноосвтняшкола3ступдимерська,"2021, 2022"
Литвинівська загальноосвітня школа І-ІІІ ступенів Вишгородської районної ради Київської області,середня загальноосвітня школа,13736702,UA32100030160014972,3221884401,village,литвинвськазагальноосвтняшкола3ступвишгородська,"2018, 2019, 2020"
Литвинівська загальноосвітня школа І-ІІІ ступенів,середня загальноосвітня школа,13736702,UA61040370170056561,6124883501,village,литвинвськазагальноосвтняшкола3ступен,"2016, 2017, 2018, 2019"
"Комунальний заклад ""Центральноукраїнський науковий ліцей-інтернат Кіровоградської обласної ради""",ліцей,13763076,UA35040210010145346,3510136600,city,центральноукранськийнауковийлцейнтернаткровоградськаобласно,"2021, 2022, 2023"
Кіровоградський обласний навчально-виховний комплекс (гімназія-інтернат-школа мистецтв) м.Олександрії,навчально-виховний комплекс,13763076,UA35080050010051027,3510300000,town,кровоградськийобласнийнавчальновиховнийкомплексмолександр,"2017, 2018, 2019"
Кіровоградський обласний навчально-виховний комплекс (гімназія-інтернат-школа мистецтв),навчально-виховний комплекс,13763076,UA35040210010286392,3510136300,city,кровоградськийобласнийнавчальновиховнийкомплек,"2017, 2018, 2019"
"Кіровоградський обласний навчално-виховний комплекс ""гімназія-інтернат-школа мистецтв) м.Олександрії",навчально-виховний комплекс,13763076,UA35080050010051027,3510300000,town,кровоградськийобласнийнавчалновиховнийкомплексгмназянтернатшколамистецтвмолександр,2016
"Комунальний заклад ""Центральноукраїнський науковий ліцей-інтернат Кіровоградської обласної ради""",науковий ліцей,13763076,UA35040210010145346,3510136600,city,центральноукранськийнауковийлцейнтернаткровоградськаобласно,2024
"Комунальний заклад ""Центральноукраїнський науковий ліцей-інтернат Кіровоградської обласної ради""",ліцей,13763076,UA35040210010286392,3510136300,city,центральноукранськийнауковийлцейнтернаткровоградськаобласно,2020
"Комунальний заклад ""Центральноукраїнський науковий ліцей-інтернат Кіровоградської обласної ради"" м.Олександрія",ліцей,13763076,UA35080050010051027,3510300000,town,центральноукранськийнауковийлцейнтернаткровоградськаобласнамолександр,"2021, 2022, 2023"
Центральноукраїнський науковий ліцей Кіровоградської обласної ради,науковий ліцей,13763076,UA35040210010145346,3510136600,city,центральноукранськийнауковийлцейкровоградськаобласно,2025
"Центральноукраїнський науковий ліцей-інтернат, м.Олександрія",ліцей,13763076,UA35080050010051027,3510300000,town,центральноукранськийнауковийлцейнтернатмолександр,2020
Хіміко-технологічний коледж імені Івана Кожедуба Шосткинського інституту Сумського державного університету,вищий навчальний заклад I-II рівнів акредитації,14027439,UA59100170010017917,5911000000,town,хмкотехнологчнийколеджменванакожедубашосткинськогонститутусумськогодержавногоунверситет,2018
"Відокремлений структурний підрозділ ""Шосткинський фаховий коледж імені Івана Кожедуба Сумського державного університету""",заклад фахової передвищої освіти,14027439,UA59100170010017917,5911000000,town,шосткинськийколеджменванакожедубасумськогодержавногоунверситет,"2021, 2022, 2023, 2024, 2025"
Відокремлений структурний підрозділ «Шосткинський професійний ліцей Сумського державного університету»,професійний ліцей відповідного профілю,14027439,UA59100170010017917,5911000000,town,шосткинськийпрофесйнийлцейсумськогодержавногоунверситет,2018
Хіміко-технологічний коледж імені Івана Кожедуба Шосткинського інституту Сумського державного університету,заклад вищої освіти,14027439,UA59100170010017917,5911000000,town,хмкотехнологчнийколеджменванакожедубашосткинськогонститутусумськогодержавногоунверситет,"2019, 2020"
філія Кременецька класична гімназія Кременецького академічного ліцею імені У. Самчука,гімназія,14049079,UA61020070010067494,6110700000,town,флякременецькакласичнагмназякременецькогоакадемчноголцеюменусамчук,"2023, 2025"
Кременецький ліцей імені Уласа Самчука,ліцей,14049079,UA61020070010067494,6110700000,town,кременецькийлцейменуласасамчук,2016
Кременецький академічний ліцей імені У. Самчука Кременецької міської ради Тернопільської області,ліцей,14049079,UA61020070010067494,6110700000,town,кременецькийакадемчнийлцейменусамчукакременецька,"2023, 2024, 2025"
Кременецький ліцей імені У. Самчука,ліцей,14049079,UA61020070010067494,6110700000,town,кременецькийлцейменусамчук,"2017, 2018, 2019, 2020, 2021"
Кременецький академічний ліцей імені У. Самчука,ліцей,14049079,UA61020070010067494,6110700000,town,кременецькийакадемчнийлцейменусамчук,2022
"Опорний заклад-навчально-виховний комплекс ""Загальноосвітня школа І-ІІІ ступенів - дошкільний навчальний заклад - позашкільний навчальний заклад - гімназія"" Асканія-Нова селищної ради Херсонської області",навчально-виховний комплекс,14141945,UA65060010010039556,6525455300,urban village,опорнийзакладнавчальновиховнийкомплексзагальноосвтняшкола3ступдошкльнийнавчальнийзакладпозашкльнийнавчальнийзакладгмназяасканянова,"2018, 2019, 2020, 2021, 2022, 2024, 2025"
"Навчально-виховний комплекс ""загальноосвітня школа І-ІІІ ступенів - позашкільний навчальний заклад - гімназія"" Чаплинської районної ради Херсонської області",навчально-виховний комплекс,14141945,UA65060010010039556,6525455300,urban village,навчальновиховнийкомплексзагальноосвтняшкола3ступпозашкльнийнавчальнийзакладгмназячаплинська,2016
"Молочнянська філія Опорного закладу - навчально - виховний комплекс "" Загальноосвітня школа І-ІІІ ступенів - дошкільний навчальний заклад - позашкільний навчальний заклад - гімназія"" Асканія - Нова селищної ради",початкова школа,14141945,UA65060010070035580,6525455303,settlement,молочнянськафляопорногозакладунавчальновиховнийкомплексзагальноосвтняшкола3ступдошкльнийнавчальнийзакладпозашкльнийнавчальнийзакладгмназяасканянова,2024
"Навчально-виховний комплекс Асканія-Нова ""Загальноосвітня школа І-ІІІ ступенів - позашкільний навчальний заклад - гімназія"" Асканія-Нова селищної радиі",навчально-виховний комплекс,14141945,UA65060010010039556,6525455300,urban village,навчальновиховнийкомплексасканяновазагальноосвтняшкола3ступпозашкльнийнавчальнийзакладгмназяасканянова,2017
"Брацлавський навчально-виховний комплекс: дошкільний навчальний заклад, загальноосвітня школа-інтернат І-ІІІ ступенів - гімназія Вінницької обласної Ради",навчально-виховний комплекс,20096812,UA05100010010062014,0523055300,urban village,брацлавськийнавчальновиховнийкомплексдошкльнийнавчальнийзакладзагальноосвтняшколантернат3ступгмназявницькаобласнарад,"2018, 2019"
Брацлавський агроекономічний коледж Вінницького національного аграрного університету,вищий навчальний заклад I-II рівнів акредитації,20096812,UA05100010010062014,0523055300,urban village,брацлавськийагроекономчнийколеджвницькогонацональногоаграрногоунверситет,2018
"Комунальний заклад ""Брацлавський спортивний ліцей"" Вінницької обласної Ради",спортивний ліцей,20096812,UA05100010010062014,0523055300,urban village,брацлавськийспортивнийлцейвницькаобласнарад,"2023, 2024, 2025"
Брацлавська спеціалізована школа І-ІІІ ступенів Немирівського району Вінницької обласної Ради,спеціалізована школа,20096812,UA05100010010062014,0523055300,urban village,брацлавськаспецалзованашкола3ступвницькаобласнарад,"2020, 2021, 2022"
"Комунальний заклад ""Брацлавський навчально-виховний комплекс: дошкільний навчальний заклад, загальноосвітня школа-інтернат І-ІІІ ступенів - гімназія"" Вінницької обласної Ради",середня загальноосвітня школа-інтернат,20096812,UA05100010010062014,0523055300,urban village,брацлавськийнавчальновиховнийкомплексдошкльнийнавчальнийзакладзагальноосвтняшколантернат3ступгмназявницькаобласнарад,2016
"Комунальний заклад ""Брацлавський навчально-виховний комплекс: дошкільний навчальний заклад, загальноосвітня школа-інтернат І-ІІІ ступенів - гімназія  Вінницької обласної Ради""",середня загальноосвітня школа-інтернат,20096812,UA05100010010062014,0523055300,urban village,брацлавськийнавчальновиховнийкомплексдошкльнийнавчальнийзакладзагальноосвтняшколантернат3ступгмназявницькаобласнарад,2017
"Рахнівсько-Лісова середня загальноосвітня школа I-III ступенів №1, Шаргородського району, Вінницької області",середня загальноосвітня школа,20098604,UA05100170150044660,0525386901,village,рахнвськолсовасереднязагальноосвтняшкола3ступ1,"2016, 2017"
Рахнівсько-Лісовий ліцей Шпиківської селищної ради Тульчинського району Вінницької області,ліцей,20098604,UA05100170150044660,0525386901,village,рахнвськолсовийлцейшпиквська,"2023, 2024, 2025"
Рахнівсько-Лісова середня загальноосвітня школа I-III ступенів Шпиківської селищної ради Вінницької області,середня загальноосвітня школа,20098604,UA05100170150044660,0525386901,village,рахнвськолсовасереднязагальноосвтняшкола3ступшпиквська,2022
"Рахнівсько-Лісова середня загальноосвітня школа I-III ступенів, Шаргородського району, Вінницької області",середня загальноосвітня школа,20098604,UA05100170150044660,0525386901,village,рахнвськолсовасереднязагальноосвтняшкола3ступен,"2018, 2019"
РАХНІВСЬКО-ЛІСОВИЙ НАВЧАЛЬНО-ВИХОВНИЙ КОМПЛЕКС “СЕРЕДНЯ ЗАГАЛЬНООСВІТНЯ ШКОЛА І-ІІІ СТУПЕНІВ - ДОШКІЛЬНИЙ НАВЧАЛЬНИЙ ЗАКЛАД”,навчально-виховний комплекс,20098604,UA05100170150044660,0525386901,village,рахнвськолсовийнавчальновиховнийкомплекссереднязагальноосвтняшкола3ступдошкльнийнавчальнийзаклад,"2018, 2019"
Рахнівсько-Лісова середня загальноосвітня школа I-III ступенів Шаргородського району Вінницької області,середня загальноосвітня школа,20098604,UA05100170150044660,0525386901,village,рахнвськолсовасереднязагальноосвтняшкола3ступен,"2020, 2021"
Ліцей №1 смт Крижопіль Крижопільської селищної ради,ліцей,20103727,UA05100070010021695,0521955100,urban village,лцей1смткрижоплькрижопльська,"2023, 2024"
Ліцей №1 селища Крижопіль Крижопільської селищної ради,ліцей,20103727,UA05100070010021695,0521955100,urban village,лцей1селищакрижоплькрижопльська,2025
Крикливецька філія ліцею №1 смт Крижопіль Крижопільської селищної ради,гімназія,20103727,UA05100070110028719,0521984401,village,крикливецькафлялцею1смткрижоплькрижопльська,2023
Середня загальноосвітня школа І-ІІІ ступенів №1 ім Героя Радянського Союзу О.А.Бичковського смт Крижопіль Вінницька область,середня загальноосвітня школа,20103727,UA05100070010021695,0521955100,urban village,середнязагальноосвтняшкола3ступ1мгероярадянськогосоюзуоабичковськогосмткрижопл,"2016, 2017, 2018, 2019, 2020, 2021, 2022"
"Комунальний заклад ""Опорний заклад загальної середньої освіти І-ІІІ ступеня села Копачівка"" Копачівської сільської ради Волинської області",середня загальноосвітня школа,20140565,UA07080150010098484,0724582901,village,опорний3ступскопачвкакопачвська,2020
"Опорний заклад загальної середньої освіти ""Ліцей села Копачівка"" Копачівської сільської ради Луцького району Волинської області",ліцей,20140565,UA07080150010098484,0724582901,village,опорнийлцейскопачвкакопачвська,"2022, 2023, 2024, 2025"
"КОМУНАЛЬНИЙ ЗАКЛАД ""ОПОРНИЙ ЗАКЛАД ЗАГАЛЬНОЇ СЕРЕДНЬОЇ ОСВІТИ І-ІІІ СТУПЕНЯ СЕЛА КОПАЧІВКА"" КОПАЧІВСЬКОЇ СІЛЬСЬКОЇ РАДИ ВОЛИНСЬКОЇ ОБЛАСТІ",середня загальноосвітня школа,20140565,UA07080150010098484,0724582901,village,опорний3ступскопачвкакопачвська,2021
Загальноосвітня школа І-ІІІ ступеня с. Копачівка Рожищенського району Волинської області,середня загальноосвітня школа,20140565,UA07080150010098484,0724582901,village,загальноосвтняшкола3ступскопачвк,"2016, 2018"
Копачівська загальноосвітня школа I-III ступенів,середня загальноосвітня школа,20140565,UA68040090190062942,6820910115,village,копачвськазагальноосвтняшкола3ступен,"2016, 2017, 2019"
Комунальний заклад освіти Новоолександрівська середня загальноосвітня школа,середня загальноосвітня школа,20274320,UA12140270330073335,1224887133,village,освтиновоолександрвськасереднязагальноосвтняшкол,2017
Комунальний заклад Новоолександрівська середня загальноосвітня школа,середня загальноосвітня школа,20274320,UA12020130010023313,1221486201,village,новоолександрвськасереднязагальноосвтняшкол,2016
"Комунальний заклад ""Новоолександрівський навчально-виховний комплекс ""Спеціалізована загальноосвітня школа І-ІІІ ступенів з поглибленим вивченням англійської мови - дошкільний навчальний заклад комбінованого типу"" Новоолександрівської сільської ради",середня загальноосвітня школа,20274320,UA12020130010023313,1221486201,village,новоолександрвськийнавчальновиховнийкомплексспецалзованазагальноосвтняшкола3ступзпоглибленимвивченяманглйськамовидошкльнийнавчальнийзакладкомбнованоготипуновоолександрвська,"2018, 2019, 2020, 2021"
"Комунальний заклад ""Новоолександрівська спеціалізована загальноосвітня школа І-ІІІ ступенів"" Новоолександрівської сільської ради",середня загальноосвітня школа,20274320,UA12020130010023313,1221486201,village,новоолександрвськаспецалзованазагальноосвтняшкола3ступновоолександрвська,2017
Новоолександрівський ліцей Новоолександрівської сільської ради Дніпровського району Дніпропетровської області,ліцей,20274320,UA12020130010023313,1221486201,village,новоолександрвськийлцейновоолександрвська,"2022, 2023, 2024, 2025"
Донецьке вище училище олімпійського резерву ім. С.Бубки,спеціалізована школа-інтернат,20361881,UA14020010010059145,1410300000,town,донецькевищеучилищеолмпйськогорезервуменсбубк,2020
"Комунальний заклад ""Донецький обласний спеціалізований фаховий коледж спортивного профілю ім. С. Бубки""",професійний коледж (коледж) спортивного профілю,20361881,UA14020010010059145,1410300000,town,донецькийобласнийспецалзованийколеджспортивногопрофлюменсбубк,2022
"КОМУНАЛЬНИЙ ЗАКЛАД ""ДОНЕЦЬКИЙ ОБЛАСНИЙ СПЕЦІАЛІЗОВАНИЙ ФАХОВИЙ КОЛЕДЖ СПОРТИВНОГО ПРОФІЛЮ ІМ. С. БУБКИ""",заклад фахової передвищої освіти,20361881,UA53080370010339303,5310137000,city,донецькийобласнийспецалзованийколеджспортивногопрофлюмсбубк,"2023, 2024, 2025"
"Комунальний заклад ""Донецький обласний спеціалізований коледж спортивного профілю ім. С. Бубки""",заклад фахової передвищої освіти,20361881,UA14020010010059145,1410300000,town,донецькийобласнийспецалзованийколеджспортивногопрофлюменсбубк,2021
ДОНЕЦЬКЕ ВИЩЕ УЧИЛИЩЕ ОЛІМПІЙСЬКОГО РЕЗЕРВУ ІМ.С.БУБКИ,заклад фахової передвищої освіти,20361881,UA14020010010059145,1410300000,town,донецькевищеучилищеолмпйськогорезервумсбубк,"2018, 2019"
"КОМУНАЛЬНИЙ ЗАКЛАД ""ДОНЕЦЬКИЙ ОБЛАСНИЙ СПЕЦІАЛІЗОВАНИЙ КОЛЕДЖ СПОРТИВНОГО ПРОФІЛЮ ІМ. С. БУБКИ""",спеціалізована школа,20361881,UA14020010010059145,1410300000,town,донецькийобласнийспецалзованийколеджспортивногопрофлюмсбубк,2021
"КОМУНАЛЬНИЙ ЗАКЛАД ""ДОНЕЦЬКИЙ ОБЛАСНИЙ СПЕЦІАЛІЗОВАНИЙ ФАХОВИЙ КОЛЕДЖ СПОРТИВНОГО ПРОФІЛЮ ІМ. С. БУБКИ",заклад фахової передвищої освіти,20361881,UA14020010010059145,1410300000,town,донецькийобласнийспецалзованийколеджспортивногопрофлюмсбубк,2022
Донецьке вище училище олімпійського резерву ім. С. Бубки,спеціалізована школа,20361881,UA14020010010059145,1410300000,town,донецькевищеучилищеолмпйськогорезервуменсбубк,"2017, 2018"
Донецьке вище училище олімпійського резерву ім. С. Бубки,заклад вищої освіти,20361881,UA14020010010059145,1410300000,town,донецькевищеучилищеолмпйськогорезервуменсбубк,2020
"Філія ""Климентіївська гімназія"" Баранівського ліцею №2 ім.О.Сябрук Баранівської міської ради",гімназія,20407844,UA18080010180015496,1820610116,village,фляклиментвськагмназябаранвськоголцею2меносябрукбаранвська,2025
Баранівський ліцей №2 ім. Ольги Сябрук Баранівської міської ради,ліцей,20407844,UA18080010010059187,1820610100,town,баранвськийлцей2менольгисябрукбаранвська,"2021, 2022"
Баранівський ліцей №2 ім. Ольги Сябрук,ліцей,20407844,UA18080010010059187,1820610100,town,баранвськийлцей2менольгисябру,2020
Баранівський ліцей №2 ім. О.Сябрук Баранівської міської ради,ліцей,20407844,UA18080010010059187,1820610100,town,баранвськийлцей2меносябрукбаранвська,"2023, 2024, 2025"
Баранівська загальноосвітня школа I-III ступенів №2 ім. Ольги Сябрук,середня загальноосвітня школа,20407844,UA18080010010059187,1820610100,town,баранвськазагальноосвтняшкола3ступ2менольгисябру,"2016, 2017, 2018, 2019"
Першотравенська загальноосвітня школа І-ІІІ ступенів,середня загальноосвітня школа,20407882,UA12060010120077610,1220310113,village,першотравенськазагальноосвтняшкола3ступен,"2016, 2017"
Першотравенський ліцей Баранівського району Житомирської області,ліцей,20407882,UA18080010020067041,1820656000,urban village,першотравенськийлце,"2019, 2020, 2021"
Першотравенський ліцей Баранівської міської ради Житомирської області,ліцей,20407882,UA18080010020067041,1820656000,urban village,першотравенськийлцейбаранвська,2022
Порцелянівський ліцей Баранівської міської ради,ліцей,20407882,UA18080010020067041,1820656000,urban village,порцелянвськийлцейбаранвська,2025
Першотравенська загальноосвітня школа I-III ступенів,середня загальноосвітня школа,20407882,UA18080010020067041,1820656000,urban village,першотравенськазагальноосвтняшкола3ступен,"2016, 2017, 2018"
Першотравенський ліцей Баранівської міської ради,ліцей,20407882,UA18080010020067041,1820656000,urban village,першотравенськийлцейбаранвська,"2023, 2024"
"Преображенська гімназія ""Основа"" Преображенської сільської ради",гімназія,20527353,UA23100210010033958,2323987801,village,преображенськагмназяосновапреображенська,"2024, 2025"
"Преображенська гімназія ""Основа"" Преображенської сільської ради Пологівського району Запорізької області",гімназія,20527353,UA23100210010033958,2323987801,village,преображенськагмназяосновапреображенська,"2022, 2023"
"Комунальний заклад ""Навчально-виховний комплекс ""Основа"" Преображенської сільської ради Оріхівського району Запорізької області",навчально-виховний комплекс,20527353,UA23100210010033958,2323987801,village,навчальновиховнийкомплексосновапреображенська,"2017, 2018, 2019, 2020, 2021"
"Комунальний заклад ""Преображенський навчально - виховний комплекс ""Школа - дитсадок"" Оріхівської районної ради Запорізької області",навчально-виховний комплекс,20527353,UA23100210010033958,2323987801,village,преображенськийнавчальновиховнийкомплексшколадитсадокорхвська,2016
"Вільнянська філія Преображенської гімназії ""Основа"" Преображенської сільської ради"" Пологівського району Запорізької області",гімназія,20527353,UA23100210040036222,2323987805,village,вльнянськафляпреображенськагмназосновапреображенська,2024
"Омельницька філія імені академіка Миколи Антоновича Доллежаля комунального закладу ""Навчально-виховний комплекс ""Основа"" Преображенської сільської ради Оріхівського району Запорізької області",середня загальноосвітня школа,20527353,UA23100210100073671,2323987811,village,омельницькафляменакадемкамиколиантоновичадоллежалянавчальновиховнийкомплексосновапреображенська,"2017, 2018, 2019"
Долинський природничо-математичний ліцей Долинської районної ради Івано-Франківської області,ліцей,20556426,UA26060130010099427,2622010100,town,долинськийприродничоматематичнийлцейдолинська,"2017, 2018"
Долинський ліцей «Інтелект» Долинської міської ради Івано-Франківської області,ліцей,20556426,UA26060130010099427,2622010100,town,долинськийлцейнтелектдолинська,"2020, 2021, 2022"
"Долинський ліцей ""Інтелект"" Долинської міської ради Івано-Франківської області",ліцей,20556426,UA26060130010099427,2622010100,town,долинськийлцейнтелектдолинська,"2023, 2024, 2025"
"Долинський науковий академічний ліцей ""Інтелект"" Долинської районної ради Івано-Франківської області",ліцей,20556426,UA26060130010099427,2622010100,town,долинськийнауковийакадемчнийлцейнтелектдолинська,2019
Долинський науковий Ліцей-інтернат ІІ-ІІІ ступенів Долинської районної ради Івано-Франківської області,ліцей,20556426,UA26060130010099427,2622010100,town,долинськийнауковийлцейнтернат3ступдолинська,"2019, 2020, 2021"
Долинський природничо-математичний ліцей,ліцей,20556426,UA26060130010099427,2622010100,town,долинськийприродничоматематичнийлце,2016
Верховинський ліцей Верховинської селищної ради Івано-Франківської області,ліцей,20558460,UA26020030010013669,2620855100,urban village,верховинськийлцейверховинська,"2021, 2022, 2023"
Верховинський ліцей Верховинської селищної ради,середня загальноосвітня школа,20558460,UA26020030010013669,2620855100,urban village,верховинськийлцейверховинська,2024
Верховинський ліцей Верховинської селищної ради,ліцей,20558460,UA26020030010013669,2620855100,urban village,верховинськийлцейверховинська,2025
Верховинський ліцей Верховинської районної ради Івано-Франківської області,ліцей,20558460,UA26020030010013669,2620855100,urban village,верховинськийлцейверховинська,"2016, 2017, 2018, 2019"
Верховинська загальноосвітня школа І-ІІІ ступенів Верховинської районної ради Івано-Франківської області,середня загальноосвітня школа,20558460,UA26020030010013669,2620855100,urban village,верховинськазагальноосвтняшкола3ступверховинська,"2016, 2017, 2018, 2019, 2020"
Делятинська загальноосвітня школа І-ІІІ ступенів №1 Надвірнянської районної ради,середня загальноосвітня школа,20559985,UA26120030010073051,2624055900,urban village,делятинськазагальноосвтняшкола3ступ1надврнянська,"2016, 2017"
Делятинська філія №1 Делятинського ліцею №1 Делятинської селищної ради,гімназія,20559985,UA26120030010073051,2624055900,urban village,делятинськафля1делятинськоголцею1делятинська,2024
Делятинський ліцей №1 Делятинської селищної ради,ліцей,20559985,UA26120030010073051,2624055900,urban village,делятинськийлцей1делятинська,"2022, 2023, 2024, 2025"
Делятинський ліцей №1 Делятинської селищної ради об'єднаної територіальної громади Івано-Франківської області,ліцей,20559985,UA26120030010073051,2624055900,urban village,делятинськийлцей1делятинськаобднанатериторальнагромад,"2018, 2019, 2020, 2021"
"""Коломийський навчально-виховний комплекс №9
""""Школа-природничо-математичний ліцей""""""
",ліцей,20560936,UA26080070010075786,2610600000,town,коломийськийнавчальновиховнийкомплекс9школаприродничоматематичнийлце,2016
Коломийський ліцей №9 Коломийської міської ради Івано-Франківської області,ліцей,20560936,UA26080070010075786,2610600000,town,коломийськийлцей9коломийська,"2020, 2021, 2022, 2023, 2024, 2025"
Коломийська філія №6 імені Героя України Тараса Сенюка Коломийського ліцею №9 Коломийської міської ради Івано-Франківської області,гімназія,20560936,UA26080070010075786,2610600000,town,коломийськафля6менгерояукранитарасасенюкаколомийськоголцею9коломийська,2024
Коломийський ліцей №9 Коломийської міської ради Івано-Франківської області,навчально-виховний комплекс,20560936,UA26080070010075786,2610600000,town,коломийськийлцей9коломийська,2019
"Коломийський навчально-виховний комплекс №9  ""Школа-природничо-математичний ліцей""",навчально-виховний комплекс,20560936,UA26080070010075786,2610600000,town,коломийськийнавчальновиховнийкомплекс9школаприродничоматематичнийлце,2017
"Коломийський навчально-виховний комплекс №9 ""Школа-природничо-математичний ліцей"" Коломийської міської ради Івано-Франківської області",навчально-виховний комплекс,20560936,UA26080070010075786,2610600000,town,коломийськийнавчальновиховнийкомплекс9школаприродничоматематичнийлцейколомийська,2018
"Криворізький юридичний фаховий коледж Національного університету ""Одеська юридична академія""",заклад фахової передвищої освіти,20933314,UA12060170010378670,1211036300,city,криворзькийюридичнийколеджнацональногоунверситетуодеськаюридичнаакадем,"2021, 2022, 2023, 2024, 2025"
"Національний університет ""Одеська юридична академія""",заклад фахової передвищої освіти,20933314,UA51100270010320268,5110137500,city,нацональнийунверситетодеськаюридичнаакадем,"2023, 2024"
"Національний університет ""Одеська юридична академія""",вищий навчальний заклад III-IV рівнів акредитації,20933314,UA51100270010320268,5110137500,city,нацональнийунверситетодеськаюридичнаакадем,2025
"Криворізький юридичний коледж Національного університету ""Одеська юридична академія""",вищий навчальний заклад I-II рівнів акредитації,20933314,UA12060170010378670,1211036300,city,криворзькийюридичнийколеджнацональногоунверситетуодеськаюридичнаакадем,2018
"Криворізький факультет Національного університету ""Одеська юридична академія""",вищий навчальний заклад III-IV рівнів акредитації,20933314,UA12060170010378670,1211036300,city,криворзькийфакультетнацональногоунверситетуодеськаюридичнаакадем,2025
"Криворізький юридичний коледж Національного університету ""Одеська юридична академія""",заклад вищої освіти,20933314,UA12060170010378670,1211036300,city,криворзькийюридичнийколеджнацональногоунверситетуодеськаюридичнаакадем,"2019, 2020"
"Державний професійно-технічний навчальний заклад ""Захарівський професійний ліцей""",заклад професійної (професійно-технічної) освіти,20965633,UA51140070010053225,5125255100,urban village,державнийпрофесйнотехнчнийнавчальнийзакладзахарвськийпрофесйнийлце,"2021, 2022, 2023, 2024"
"Окнянське відділення державного професійно - технічного навчального закладу ""Захарівський професійний ліцей""",професійний ліцей відповідного профілю,20965633,UA51120150010045505,5123155100,urban village,окнянськевддленядержавногопрофесйнотехнчногонавчальногозакладузахарвськийпрофесйнийлце,"2018, 2019, 2020"
"Державний професійно-технічний навчальний заклад ""Захарівський професійний ліцей""",професійний ліцей відповідного профілю,20965633,UA51140070010053225,5125255100,urban village,державнийпрофесйнотехнчнийнавчальнийзакладзахарвськийпрофесйнийлце,"2018, 2019, 2020"
"Окнянське відділення державного професійно - технічного навчального закладу ""Захарівський професійний ліцей""",заклад професійної (професійно-технічної) освіти,20965633,UA51120150010045505,5123155100,urban village,окнянськевддленядержавногопрофесйнотехнчногонавчальногозакладузахарвськийпрофесйнийлце,"2021, 2022"
Решетилівська гімназія імені І.Л.Олійника Решетилівської міської ради Полтавської області,гімназія,21065914,UA53080390010041197,5324210100,town,решетилвськагмназяменлолйникарешетилвська,2019
"Опорний заклад ""Решетилівський ліцей імені І.Л. Олійника Решетилівської міської ради""",ліцей,21065914,UA53080390010041197,5324210100,town,опорнийзакладрешетилвськийлцейменлолйникарешетилвська,"2023, 2024, 2025"
Решетилівська гімназія імені І.Л.Олійника Решетилівської районної ради Полтавської області,гімназія,21065914,UA53080390010041197,5324210100,town,решетилвськагмназяменлолйникарешетилвська,"2016, 2017"
"Опорний заклад ""Решетилівський ліцей імені І.Л.Олійника Решетилівської міської ради""",ліцей,21065914,UA53080390010041197,5324210100,town,опорнийзакладрешетилвськийлцейменлолйникарешетилвська,"2020, 2021, 2022"
"Решетилівська філія І ступеня з дошкільним підрозділом Опорного закладу ""Решетилівський ліцей імені І.Л. Олійника Решетилівської міської ради""",середня загальноосвітня школа,21065914,UA53080390010041197,5324210100,town,решетилвськафляступздошкльнимпдроздломопорногозакладурешетилвськийлцейменлолйникарешетилвська,2023
Решетилівська гімназія імені І.Л.Олійника Решетилівської селищної ради Полтавської області,гімназія,21065914,UA53080390010041197,5324210100,town,решетилвськагмназяменлолйникарешетилвська,2018
Токівська загальноосвітня школа І-ІІІ ступеня,середня загальноосвітня школа,21163634,UA12060090060098921,1220384405,settlement,токвськазагальноосвтняшкола3ступен,2017
Токівська загальноосвітня школа І-ІІІ ступенів Підволочиської районної ради Тернопільської області,середня загальноосвітня школа,21163634,UA61040450210099997,6124688601,village,токвськазагальноосвтняшкола3ступпдволочиська,"2016, 2017, 2018, 2021"
Токівська загальноосвітня школа І-ІІІ ступенів,середня загальноосвітня школа,21163634,UA12060090060098921,1220384405,settlement,токвськазагальноосвтняшкола3ступен,"2016, 2018, 2019"
Токівський ліцей Скориківської сільської ради Тернопільської області,ліцей,21163634,UA61040450210099997,6124688601,village,токвськийлцейскориквська,2024
Токівська загальноосвітня школа I-III ступенів Скориківської сільської ради Тернопільської області,середня загальноосвітня школа,21163634,UA61040450210099997,6124688601,village,токвськазагальноосвтняшкола3ступскориквська,2023
"Середня загальноосвітня школа-інтернат ІІ-ІІІ ступенів з профільним навчанням Комунального закладу""Херсонський фаховий спортивний коледж"" Херсонської обласної ради",середня загальноосвітня школа,21295614,UA65100150010361097,6510136900,city,середнязагальноосвтняшколантернат3ступзпрофльнимнавчанямхерсонськийспортивнийколеджхерсонськаобласно,2021
Середня загальноосвітня школа-інтернат ІІ-ІІІ ступенів з профільним навчанням Херсонського вищого училища фізичної культури Херсонської обласної ради,середня загальноосвітня школа-інтернат,21295614,UA65100150010361097,6510136900,city,середнязагальноосвтняшколантернат3ступзпрофльнимнавчанямхерсонськоговищогоучилищафзичнакультурихерсонськаобласно,"2016, 2017, 2018, 2019, 2020"
"Комунальний заклад""Херсонський фаховий спортивний коледж"" Херсонської обласної ради",середня загальноосвітня школа,21295614,UA65100150010361097,6510136900,city,херсонськийспортивнийколеджхерсонськаобласно,"2022, 2023, 2024, 2025"
"Комунальний заклад ""Херсонський фаховий спортивний коледж"" Херсонської обласної ради",заклад фахової передвищої освіти,21295614,UA46060250010515336,4610136900,city,херсонськийспортивнийколеджхерсонськаобласно,2023
"Комунальний заклад ""Херсонський фаховий спортивний коледж"" Херсонської обласної ради",заклад фахової передвищої освіти,21295614,UA65100150010361097,6510136900,city,херсонськийспортивнийколеджхерсонськаобласно,"2024, 2025"
Чернівецька гімназія № 7 Чернівецької міської ради,гімназія,21431276,UA73060610010033137,7310100000,town,чернвецькагмназя7чернвецька,"2023, 2024, 2025"
Чернівецька загальноосвітня школа І-ІІІ ступенів №28 Чернівецької міської ради,середня загальноосвітня школа,21431276,UA73060610010033137,7310100000,town,чернвецьказагальноосвтняшкола3ступ28чернвецька,"2016, 2017, 2018, 2019, 2020, 2021, 2022"
Чернівецька гімназія №7 Чернівецької міської ради,гімназія,21431276,UA73060610010033137,7310100000,town,чернвецькагмназя7чернвецька,"2016, 2017, 2018, 2019, 2020, 2021"
Боянська загальноосвітня школа І-ІІІ ст.Боянської сільської ради Новоселицького району Чернівецької області,середня загальноосвітня школа,21436836,UA73060010010023298,7323080801,village,боянськазагальноосвтняшкола3ступбоянська,"2016, 2017, 2018, 2019, 2020"
Боянська загальноосвітня школа І-ІІІ ступенів Боянської сільської ради Чернівецького району Чернівецької області,середня загальноосвітня школа,21436836,UA73060010010023298,7323080801,village,боянськазагальноосвтняшкола3ступбоянська,2021
Боянський ліцей №2 Боянської сільської ради Чернівецького району Чернівецької області,ліцей,21436836,UA73060010010023298,7323080801,village,боянськийлцей2боянська,2022
Боянський ліцей №1 Боянської сільської ради Чернівецького району Чернівецької області,ліцей,21436836,UA73060010010023298,7323080801,village,боянськийлцей1боянська,"2022, 2023, 2024, 2025"
Топорівський ліцей Топорівської сільської ради Чернівецького району Чернівецької області,ліцей,21436859,UA73060570010080677,7323088601,village,топорвськийлцейтопорвська,"2022, 2023, 2024, 2025"
Топорівський заклад загальної середньої освіти І-ІІІ ст.,середня загальноосвітня школа,21436859,UA26080030330081494,2621685701,village,топорвський3сту,2018
Топорівський заклад загальної середньої освіти І-ІІІ ступенів Топорівської сільської ради Чернівецького району Чернівецької області,середня загальноосвітня школа,21436859,UA73060570010080677,7323088601,village,топорвський3ступтопорвська,2021
Топорівська загальноосвітня школа І-ІІІ ст. Топорівської сільської ради Новоселицького району Чернівецької області,середня загальноосвітня школа,21436859,UA73060570010080677,7323088601,village,топорвськазагальноосвтняшкола3ступтопорвська,"2016, 2017, 2018, 2019, 2020"
"Опорний заклад ""Мигівський заклад загальної середньої освіти І-ІІІ ступенів-заклад дошкільної освіти"" Берегометської селищної ради Вижницького району Чернівецької області",навчально-виховний комплекс,21437557,UA73020030120060784,7320585001,village,опорнийзакладмигвський3ступзакладдошкльнаосвтиберегометська,"2021, 2022"
"Опорний заклад ""Мигівський ліцей"" Берегометської селищної ради Вижницького району Чернівецької області",ліцей,21437557,UA73020030120060784,7320585001,village,опорнийзакладмигвськийлцейберегометська,"2024, 2025"
"Філія Великівська початкова школа Опорного закладу ""Мигівський ліцей"" Берегометської селищної ради Вижницького району Чернівецької області",навчально-виховний комплекс,21437557,UA73020030030055809,7320585002,village,флявеликвськапочатковашколаопорногозакладумигвськийлцейберегометська,2023
Мигівський навчально - виховний комплекс Вижницької районної ради Вижницького району Чернівецької області,навчально-виховний комплекс,21437557,UA73020030120060784,7320585001,village,мигвськийнавчальновиховнийкомплексвижницька,2016
Мигівський навчально - виховний комплекс-опорний заклад Вижницької районної ради Чернівецької області,навчально-виховний комплекс,21437557,UA73020030120060784,7320585001,village,мигвськийнавчальновиховнийкомплексопорнийзакладвижницька,"2017, 2018, 2019"
Мигівський навчально-виховний комплекс(загальноосвітній навчальний заклад І-ІІІ ступенів-дошкільний навчальний заклад)-опорний заклад Вижницької районної ради Чернівецької області,навчально-виховний комплекс,21437557,UA73020030120060784,7320585001,village,мигвськийнавчальновиховнийкомплексопорнийзакладвижницька,2020
"Опорний заклад ""Мигівський ліцей"" Берегометської селищної ради Вижницького району Чернівецької області",навчально-виховний комплекс,21437557,UA73020030120060784,7320585001,village,опорнийзакладмигвськийлцейберегометська,2023
"Опорний загальноосвітній навчальний заклад Загальцівське навчально-виховне об'єднання ""Загальноосвітня школа І-ІІІ ступенів - дитячий садок"" Бородянської районної державної адміністрації Київської області",навчально-виховне об'єднання,21668831,UA32080030120057042,3221082001,village,опорнийзагальноосвтнйнавчальнийзакладзагальцвськенавчальновиховнеобднанязагальноосвтняшкола3ступдитячийсадокбородянськадержавнаадмнстрац,2017
"Опорний загальноосвітній навчальний заклад Загальцівське навчально-виховне об""єднання ""Загальноосвітня школа І-ІІІ ступенів-дитячий садок"" Бородянської районної ради Київської області",навчально-виховне об'єднання,21668831,UA32080030120057042,3221082001,village,опорнийзагальноосвтнйнавчальнийзакладзагальцвськенавчальновиховнеобднанязагальноосвтняшкола3ступдитячийсадокбородянська,"2018, 2019, 2020"
"Качалівська філія Опорного закладу освіти ""Загальцівський ліцей"" Бородянської селищної ради Київської області",гімназія,21668831,UA32080030130035365,3221083001,village,качалвськафляопорногозакладуосвтизагальцвськийлцейбородянська,"2024, 2025"
"Опорний загальноосвітній навчальний заклад Загальцівське навчально-виховне об'єднання ""Загальноосвітня школа І-ІІІ ступенів-дитячий садок"" Бородянської районної ради Київської області",навчально-виховне об'єднання,21668831,UA32080030120057042,3221082001,village,опорнийзагальноосвтнйнавчальнийзакладзагальцвськенавчальновиховнеобднанязагальноосвтняшкола3ступдитячийсадокбородянська,2021
"Опорний заклад освіти ""Загальцівський ліцей"" Бородянської селищної ради Київської області",ліцей,21668831,UA32080030120057042,3221082001,village,опорнийзакладосвтизагальцвськийлцейбородянська,"2023, 2024, 2025"
"Опорний заклад освіти ""Загальцівський заклад загальної середньої освіти І-ІІІ ступенів - заклад дошкільної освіти"" Бородянської селищної ради Київської області",навчально-виховне об'єднання,21668831,UA32080030120057042,3221082001,village,опорнийзакладосвтизагальцвський3ступзакладдошкльнаосвтибородянська,2022
"Загальцівське навчально-виховне об'єднання ""Загальноосвітня школа І-ІІІ ступенів - дитячий садок"" Бородянського району Київської області",навчально-виховний комплекс,21668831,UA32080030120057042,3221082001,village,загальцвськенавчальновиховнеобднанязагальноосвтняшкола3ступдитячийсадо,2016
Немішаївська загальноосвітня школа І-ІІІ ступенів №1,середня загальноосвітня школа,21668877,UA32080210010080513,3221055900,urban village,немшавськазагальноосвтняшкола3ступ1,"2017, 2018, 2019, 2020"
Немішаївська загальноосвітня школа І-ІІІ ступенів №1 Бородянського району Київської області,середня загальноосвітня школа,21668877,UA32080210010080513,3221055900,urban village,немшавськазагальноосвтняшкола3ступ1,2016
Немішаївська загальноосвітня школа І-ІІІ ступенів №2 Бородянського району Київської області,середня загальноосвітня школа,21668877,UA32080210010080513,3221055900,urban village,немшавськазагальноосвтняшкола3ступ2,2016
Немішаївський заклад загальної середньої освіти І-ІІІ ступенів Немішаївської селищної ради Київської області,середня загальноосвітня школа,21668877,UA32080210010080513,3221055900,urban village,немшавський3ступнемшавська,"2021, 2022"
Немішаївський ліцей №1 Немішаївської селищної ради Бучанського району Київської області,середня загальноосвітня школа,21668877,UA32080210010080513,3221055900,urban village,немшавськийлцей1немшавська,"2023, 2024, 2025"
Загальноосвітня школа I-III ступенів №2 с.Пиків,середня загальноосвітня школа,21728970,UA05120050090047166,0521686303,village,загальноосвтняшкола3ступ2спик,"2016, 2017, 2018, 2019"
Загальноосвітня школа I-III ступенів №1 с. Пиків Калинівського району Вінницької області,середня загальноосвітня школа,21728970,UA05120050090047166,0521686303,village,загальноосвтняшкола3ступ1спик,"2020, 2021"
Загальноосвітня школа I-III ступенів №1 с. Пиків,середня загальноосвітня школа,21728970,UA05120050090047166,0521686303,village,загальноосвтняшкола3ступ1спик,"2016, 2017, 2018, 2019"
Кортеліський ліцей імені Василя Корнелюка Ратнівської селищної ради,ліцей,21747921,UA07060310160027340,0724285201,village,кортелськийлцейменвасилякорнелюкаратнвська,"2022, 2023"
"Навчально-виховний комплекс ""загальноосвітня школа І-ІІІ ступеня - дитячий садок"" с. Кортеліси імені Василя Корнелюка Ратнівського району Волинської області",навчально-виховний комплекс,21747921,UA07060310160027340,0724285201,village,навчальновиховнийкомплексзагальноосвтняшкола3ступдитячийсадокскортелсименвасилякорнелюк,"2016, 2017, 2018, 2019, 2020, 2021"
"Опорний заклад освіти ""Кортеліський ліцей імені Василя Корнелюка Ратнівської селищної ради""",ліцей,21747921,UA07060310160027340,0724285201,village,опорнийзакладосвтикортелськийлцейменвасилякорнелюкаратнвська,"2024, 2025"
"Млинівська гімназія - філія Опорного закладу освіти ""Кортеліський ліцей імені Василя Корнелюка Ратнівської селищної ради""",гімназія,21747921,UA07060310190090794,0724285501,village,млинвськагмназяфляопорногозакладуосвтикортелськийлцейменвасилякорнелюкаратнвська,2024
Романівська середня загальноосвітня школа I-III ступенів Бердичівської районної ради,середня загальноосвітня школа,22054686,UA18020110210054530,1820885001,village,романвськасереднязагальноосвтняшкола3ступбердичвська,"2017, 2018, 2019, 2020, 2021"
Радянська середня загальноосвітня школа I-III ступенів Бердичівської районної ради,середня загальноосвітня школа,22054686,UA18020110210054530,1820885001,village,радянськасереднязагальноосвтняшкола3ступбердичвська,2016
Романівський заклад загальної середньої освіти,середня загальноосвітня школа,22054686,UA18040470340095755,1821484201,village,романвськийзакладзагальнасередньаосвт,2022
Романівський заклад загальної середньої освіти I-III ступенів Райгородоцької сільської ради Бердичівського району,середня загальноосвітня школа,22054686,UA18020110210054530,1820885001,village,романвський3ступрайгородоцька,2022
Романівський ліцей Райгородоцької сільської ради Бердичівського району Житомирської області,ліцей,22054686,UA18020110210054530,1820885001,village,романвськийлцейрайгородоцька,"2023, 2024, 2025"
Іванковецька загальноосвітня школа I-III ступенів,середня загальноосвітня школа,22054700,UA68040350090031107,6821255502,village,ванковецьказагальноосвтняшкола3ступен,"2017, 2018, 2020, 2021"
Іванковецька середня загальноосвітня школа I-III ступенів Семенівської сільської ради Бердичівського району,середня загальноосвітня школа,22054700,UA18020150060057185,1820882401,village,ванковецькасереднязагальноосвтняшкола3ступсеменвська,"2018, 2019, 2020"
Іванковецька середня загальноосвітня школа I-III ступенів Бердичівської районної ради,середня загальноосвітня школа,22054700,UA18020150060057185,1820882401,village,ванковецькасереднязагальноосвтняшкола3ступбердичвська,"2016, 2017"
Варварівська загальноосвітня школа I-III ступенів,середня загальноосвітня школа,22054835,UA18080210030046899,1821781601,village,варварвськазагальноосвтняшкола3ступен,"2016, 2017, 2018, 2019, 2021, 2022"
Варварівська загальноосвітня школа I-III ступенів  Олевського району Житомирської області,середня загальноосвітня школа,22054835,UA18060190100096750,1824410109,village,варварвськазагальноосвтняшкола3ступен,2017
Варварівська загальноосвітня школа I-III ступенів Олевського району Житомирської області,середня загальноосвітня школа,22054835,UA18060190100096750,1824410109,village,варварвськазагальноосвтняшкола3ступен,2016
Варварівський ліцей Олевської міської ради,ліцей,22054835,UA18060190100096750,1824410109,village,варварвськийлцейолевська,"2023, 2024, 2025"
Зубковицька загальноосвітня школа I-III ступенів,середня загальноосвітня школа,22055029,UA18060190180055870,1824410117,village,зубковицьказагальноосвтняшкола3ступен,"2018, 2019, 2020, 2021, 2022"
Зубковицька загальноосвітня школа I-III ступенів Олевського району Житомирської області,середня загальноосвітня школа,22055029,UA18060190180055870,1824410117,village,зубковицьказагальноосвтняшкола3ступен,"2016, 2017"
Новобілокоровицька загальноосвітня школа I-III ступенів №3 Білокоровицької сільської ради Житомирської області,середня загальноосвітня школа,22055029,UA18060010030062880,1824456200,urban village,новоблокоровицьказагальноосвтняшкола3ступ3блокоровицька,"2018, 2019, 2020, 2021, 2022"
Зубковицький ліцей Олевської міської ради,ліцей,22055029,UA18060190180055870,1824410117,village,зубковицькийлцейолевська,"2023, 2024, 2025"
Топорівський ліцей Ружинської селищної ради Житомирської області,ліцей,22058767,UA18020130310052934,1825286301,village,топорвськийлцейружинська,"2024, 2025"
Топорівська загальноосвітня школа I-III ступенів,середня загальноосвітня школа,22058767,UA18020130310052934,1825286301,village,топорвськазагальноосвтняшкола3ступен,"2016, 2017, 2018, 2019, 2020, 2021"
Топорівська загальноосвітня школа І-ІІІ ст.,середня загальноосвітня школа,22058767,UA26080030330081494,2621685701,village,топорвськазагальноосвтняшкола3сту,"2016, 2017"
Топорівська загальноосвітня школа I-III ступенів Ружинської селищної ради Житомирської області,середня загальноосвітня школа,22058767,UA18020130310052934,1825286301,village,топорвськазагальноосвтняшкола3ступружинська,2022
Топорівська загальноосвітня школа І-ІІІ ступенів Ружинської селищної ради Житомирської області,середня загальноосвітня школа,22058767,UA18020130310052934,1825286301,village,топорвськазагальноосвтняшкола3ступружинська,2023
Барашівський ліцей Березівської сільської ради Житомирського району Житомирської області,ліцей,22060646,UA18040030020067049,1822083002,village,барашвськийлцейберезвська,"2023, 2024, 2025"
Барашівська загальноосвітня школа I-III ступенів,середня загальноосвітня школа,22060646,UA18080030010060384,1821780401,village,барашвськазагальноосвтняшкола3ступен,"2016, 2017"
Барашівська загальноосвітня школа I-III ступенів,середня загальноосвітня школа,22060646,UA18040030020067049,1822083002,village,барашвськазагальноосвтняшкола3ступен,"2016, 2017, 2018, 2019, 2020, 2021, 2022"
Березівська загальноосвітня школа I-III ступенів,середня загальноосвітня школа,22060652,UA18040290030060642,1823155102,village,березвськазагальноосвтняшкола3ступен,"2016, 2017, 2018, 2019"
Березівська загальноосвітня школа I-III ступенів Березівської сільської ради Житомирського району Житомирської області,середня загальноосвітня школа,22060652,UA18040030010064907,1822080301,village,березвськазагальноосвтняшкола3ступберезвська,2022
Березівська загальноосвітня школа I-III ступенів,середня загальноосвітня школа,22060652,UA18040030010064907,1822080301,village,березвськазагальноосвтняшкола3ступен,"2016, 2017, 2018, 2019, 2020, 2021"
Березівський ліцей Березівської сільської ради Житомирського району Житомирської області,ліцей,22060652,UA18040030010064907,1822080301,village,березвськийлцейберезвська,"2023, 2024, 2025"
Биківська загальноосвітня школа I-III ступенів Брусилівської селищної ради,середня загальноосвітня школа,22062295,UA18040050020060126,1820955101,village,биквськазагальноосвтняшкола3ступбрусилвська,"2018, 2019"
Биківська загальноосвітня школа I-III ступенів Брусилівського району Житомирської області,середня загальноосвітня школа,22062295,UA18040050020060126,1820955101,village,биквськазагальноосвтняшкола3ступен,"2016, 2017"
Биківська загальноосвітня школа I-III ступенів,середня загальноосвітня школа,22062295,UA18040470020057891,1821455300,urban village,биквськазагальноосвтняшкола3ступен,"2016, 2017, 2018"
Вільнянська загальноосвітня школа І - ІІІ ступенів Коростишівського району Житомирської області,середня загальноосвітня школа,22066399,UA18040250100091076,1822510110,village,вльнянськазагальноосвтняшкола3ступен,"2016, 2017, 2018"
Вільнянська загальноосвітня школа І-ІІІ ступенів,середня загальноосвітня школа,22066399,UA12060190050021963,1221881301,village,вльнянськазагальноосвтняшкола3ступен,2021
Вільнянська загальноосвітня школа І-ІІІ ступенів,середня загальноосвітня школа,22066399,UA12060210030071826,1220387703,village,вльнянськазагальноосвтняшкола3ступен,"2016, 2017, 2018"
Вільнянський ліцей Коростишівської міської ради Житомирської області,ліцей,22066399,UA18040250100091076,1822510110,village,вльнянськийлцейкоростишвська,"2021, 2022"
Вільнянський ліцей Коростишівської міської ради Житомирської області,середня загальноосвітня школа,22066399,UA18040250100091076,1822510110,village,вльнянськийлцейкоростишвська,"2019, 2020, 2023"
Вільнянський ліцей Коростишівської міської ради Житомирської області,середня загальноосвітня школа,22066399,UA18040250010085012,1822510100,town,вльнянськийлцейкоростишвська,2025
Кам'янобрідська загальноосвітня школа I-III ступенів Коростишівського району Житомирської області,середня загальноосвітня школа,22066548,UA18040510050047272,1822582401,village,камянобрдськазагальноосвтняшкола3ступен,"2016, 2017, 2018, 2019, 2020, 2021"
Кам’янобрідський ліцей Старосілецької сільської ради Житомирської області,ліцей,22066548,UA18040510050047272,1822582401,village,камянобрдськийлцейстарослецька,"2022, 2023"
Кам'янобрідська загальноосвітня школа I-III ступенів,середня загальноосвітня школа,22066548,UA18080090020027139,1820655700,urban village,камянобрдськазагальноосвтняшкола3ступен,"2016, 2017, 2018"
Кам'янобрідський ліцей Старосілецької сільської ради Житомирської області,ліцей,22066548,UA18040510050047272,1822582401,village,камянобрдськийлцейстарослецька,"2024, 2025"
Ставецька загальноосвітня школа І-ІІІ ступенів Радомишльської міської ради Житомирської області,середня загальноосвітня школа,22066778,UA18040450410081216,1825085201,village,ставецьказагальноосвтняшкола3ступрадомишльська,"2019, 2021"
Ставецька загальноосвітня школа І - ІІІ ступенів,середня загальноосвітня школа,22066778,UA18040450410081216,1825085201,village,ставецьказагальноосвтняшкола3ступен,"2016, 2017, 2018"
Ленінська загальноосвітня школа І-ІІІ ступенів,середня загальноосвітня школа,22066778,UA12060090010097136,1220384401,village,леннськазагальноосвтняшкола3ступен,2016
Миролюбівський заклад загальної середньої освіти I-III ступенів Лугинської селищної ради Лугинського району Житомирської області,середня загальноосвітня школа,22067298,UA18060110020045140,1822855105,urban village,миролюбвський3ступлугинська,"2021, 2022"
Миролюбівська загальноосвітня школа I-III ступенів,середня загальноосвітня школа,22067298,UA18060110020045140,1822855105,urban village,миролюбвськазагальноосвтняшкола3ступен,"2017, 2018"
Жовтнева загальноосвітня школа I-III ступенів,середня загальноосвітня школа,22067298,UA68020230120067747,6822487403,village,жовтневазагальноосвтняшкола3ступен,2016
Жовтнева загальноосвітня школа I-III ступенів,середня загальноосвітня школа,22067298,UA18060110020045140,1822855105,urban village,жовтневазагальноосвтняшкола3ступен,2016
Миропільська гімназія,гімназія,22067795,UA18040310010057986,1821455600,urban village,миропльськагмназ,"2016, 2017"
Миропільська загальноосвітня школа I-IIIступенів №2,середня загальноосвітня школа,22067795,UA18040310010057986,1821455600,urban village,миропльськазагальноосвтняшкола3ступ2,"2016, 2017"
Комунальна установа Миропільської селищної ради Миропільська загальноосвітня школа I-III ступенів,середня загальноосвітня школа,22067795,UA18040310010057986,1821455600,urban village,миропльськамиропльськазагальноосвтняшкола3ступен,2019
Миропільська загальноосвітня школа I-III ступенів,середня загальноосвітня школа,22067795,UA18040310010057986,1821455600,urban village,миропльськазагальноосвтняшкола3ступен,2018
"Комунальна установа Миропільської селищної ради ""Миропільська загальноосвітня школа I-III ступенів""",середня загальноосвітня школа,22067795,UA18040310010057986,1821455600,urban village,миропльськамиропльськазагальноосвтняшкола3ступен,"2020, 2021, 2022"
Чуднівська загальноосвітня школа I-III ступенів №2,середня загальноосвітня школа,22067855,UA18040610010066897,1825810100,town,чуднвськазагальноосвтняшкола3ступ2,"2016, 2017, 2018, 2019, 2020"
Чуднівська загальноосвітня школа I-III ступенів №2 Чуднівської міської ради Житомирської області,середня загальноосвітня школа,22067855,UA18040610010066897,1825810100,town,чуднвськазагальноосвтняшкола3ступ2чуднвська,"2021, 2022"
Чуднівський ліцей №2 Чуднівської міської ради Житомирської області,середня загальноосвітня школа,22067855,UA18040610010066897,1825810100,town,чуднвськийлцей2чуднвська,2023
Чуднівська гімназія,середня загальноосвітня школа,22067855,UA18040610010066897,1825810100,town,чуднвськагмназ,2016
Червонівський заклад загальної середньої освіти І-ІІІ ступенів Чопської міської ради Ужгородського району Закарпатської області,середня загальноосвітня школа,22097260,UA21100270080091672,2124887801,village,червонвський3ступчопська,2024
Червонівська загальноосвітня школа І-III ступенів Ужгородської районної ради Закарпатської області,середня загальноосвітня школа,22097260,UA21100270080091672,2124887801,village,червонвськазагальноосвтняшкола3ступужгородська,"2016, 2017, 2018, 2019, 2020"
Червонівський заклад загальної середньої освіти І-III ступенів Чопської міської ради Ужгородського району Закарпатської області,ліцей,22097260,UA21100270080091672,2124887801,village,червонвський3ступчопська,"2022, 2023"
Червонівський заклад загальної середньої освіти І-III ступенів Чопської міської ради Ужгородського району Закарпатської області,середня загальноосвітня школа,22097260,UA21100270080091672,2124887801,village,червонвський3ступчопська,2021
Загальноосвітня школа І-ІІІ ступенів с. Червоне Гайворонського району,середня загальноосвітня школа,22097260,UA35020050170010814,3521188301,village,загальноосвтняшкола3ступсчервон,"2017, 2018"
Довжанський заклад загальної середньої освіти І-ІІІ ступенів Довжанської сільської ради,середня загальноосвітня школа,22100038,UA21120070010051888,2121983001,village,довжанський3ступдовжанська,"2022, 2023"
"Комунальний заклад загальної середньої освіти ""Довжанський ліцей"" Іршавської районної ради Закарпатської області",середня загальноосвітня школа,22100038,UA21120070010051888,2121983001,village,загальнасередньаосвтидовжанськийлцейршавська,"2020, 2021"
Довжанська загальноосвітня школа I-III ступенів Окнянського району,середня загальноосвітня школа,22100038,UA51120150160082202,5123181301,village,довжанськазагальноосвтняшкола3ступен,2018
Довжанська загальноосвітня школа І-ІІІ ступенів Іршавської районної ради Закарпатської області,середня загальноосвітня школа,22100038,UA21120070010051888,2121983001,village,довжанськазагальноосвтняшкола3ступршавська,"2016, 2017, 2018, 2019"
Довжанський ліцей імені Василя Німчука Довжанської сільської ради,ліцей,22100038,UA21120070010051888,2121983001,village,довжанськийлцейменвасилянмчукадовжанська,"2024, 2025"
"Довжанська загальноосвітня школа I-III ступенів Красноокнянського району
",середня загальноосвітня школа,22100038,UA51120150160082202,5123181301,village,довжанськазагальноосвтняшкола3ступен,2016
Дубрівський заклад загальної середньої освіти І-ІІІ ступенів Іршавської міської ради Закарпатської області,середня загальноосвітня школа,22100050,UA21120130060043005,2121982801,village,дубрвський3ступршавська,"2022, 2023, 2024, 2025"
Дубрівська загальноосвітня школа I-III ступенів,середня загальноосвітня школа,22100050,UA18080110010075419,1820681801,village,дубрвськазагальноосвтняшкола3ступен,"2016, 2017, 2018, 2019, 2020, 2021"
Дубрівська загальноосвітня школа І-ІІІ ступенів Іршавської районної ради Закарпатської області,середня загальноосвітня школа,22100050,UA21120130060043005,2121982801,village,дубрвськазагальноосвтняшкола3ступршавська,"2016, 2017, 2018, 2019, 2020, 2021"
Кам'янська загальноосвітня школа І-ІІІ ступенів Іршавської районної ради Закарпатської області,середня загальноосвітня школа,22100083,UA21020130010082249,2121984801,village,камянськазагальноосвтняшкола3ступршавська,"2016, 2017, 2018, 2019, 2020, 2021"
Філія №1 Кам'янського ліцею Кам'янської сільської ради Берегівського району Закарпатської області,середня загальноосвітня школа,22100083,UA21020130030051448,2121984802,village,фля1камянськоголцеюкамянська,2024
Кам'янський ліцей Кам'янської сільської ради Берегівського району Закарпатської області,середня загальноосвітня школа,22100083,UA21020130010082249,2121984801,village,камянськийлцейкамянська,"2023, 2024, 2025"
Кам'янський заклад загальної середньої освіти І-ІІІ ступенів Кам'янської сільської ради Берегівського району Закарпатської області,ліцей,22100083,UA21020130010082249,2121984801,village,камянський3ступкамянська,2022
"Комунальний вищий навчальний заклад ""Прикарпатський лісогосподарський коледж""",вищий навчальний заклад I-II рівнів акредитації,22178017,UA26060010010092713,2610200000,town,комунальнийвищийнавчальнийзакладприкарпатськийлсогосподарськийколед,2018
"Комунальний вищий навчальний заклад ""Прикарпатський лісогосподарський коледж""",заклад вищої освіти,22178017,UA26060010010092713,2610200000,town,комунальнийвищийнавчальнийзакладприкарпатськийлсогосподарськийколед,"2019, 2020"
Прикарпатський фаховий коледж лісового господарства та туризму,заклад фахової передвищої освіти,22178017,UA26060010010092713,2610200000,town,прикарпатськийколеджлсовогогосподарствататуризм,"2023, 2024, 2025"
Прикарпатський фаховий коледж лісовго господарства та туризму,заклад фахової передвищої освіти,22178017,UA26060010010092713,2610200000,town,прикарпатськийколеджлсовгогосподарствататуризм,"2021, 2022, 2023"
Березанська загальноосвітня школа І-ІІІ ступенів №1 Березанської міської ради Київської області,середня загальноосвітня школа,22203092,UA32060030010087257,3210400000,town,березанськазагальноосвтняшкола3ступ1березанська,"2016, 2017, 2018, 2019, 2020, 2021, 2022"
Березанський ліцей №1 Березанської міської ради Київської області,ліцей,22203092,UA32060030010087257,3210400000,town,березанськийлцей1березанська,"2023, 2024, 2025"
Очно-заочні класи Березанської загальноосвітньої школи І-ІІІ ступенів №1,середня загальноосвітня школа,22203092,UA32060030010087257,3210400000,town,очнозаочнкласиберезанськазагальноосвтньашколи3ступ1,2016
Опорний навчальний заклад «Щасливський навчально-виховний комплекс «ліцей – загальноосвітня школа І-ІІІ ступенів – дитячий садок» Бориспільської районної ради Київської області,навчально-виховний комплекс,22203330,UA32040130010022833,3220888001,village,опорнийнавчальнийзакладщасливськийнавчальновиховнийкомплекслцейзагальноосвтняшкола3ступдитячийсадокбориспльська,"2018, 2019, 2020"
Щасливський ліцей Пристоличної сільської ради Бориспільського району Київської області,ліцей,22203330,UA32040130010022833,3220888001,village,щасливськийлцейпристолична,"2023, 2024"
"Опорний заклад освіти ""Щасливський академічний ліцей"" Пристоличної сільської ради Бориспільського району Київської області",ліцей,22203330,UA32040130010022833,3220888001,village,опорнийзакладосвтищасливськийакадемчнийлцейпристолична,2025
Опорний навчальний заклад «Щасливський навчально-виховний комплекс «ліцей – загальноосвітня школа І-ІІІ ступенів – дитячий садок» Пристоличної сільської ради,навчально-виховний комплекс,22203330,UA32040130010022833,3220888001,village,опорнийнавчальнийзакладщасливськийнавчальновиховнийкомплекслцейзагальноосвтняшкола3ступдитячийсадокпристолична,"2021, 2022"
"Пролісківська філія опорного навчального закладу ""Щасливський навчально-виховний комплекс ""ліцей-загальноосвітня школа І-ІІІ ступенів - дитячий садок"" Пристоличної сільської ради",середня загальноосвітня школа,22203330,UA32040130070086013,3220888003,village,пролсквськафляопорногонавчальногозакладущасливськийнавчальновиховнийкомплекслцейзагальноосвтняшкола3ступдитячийсадокпристолична,"2024, 2025"
"Щасливський навчально-виховний комплекс ""Ліцей-загальноосвітня школа І-ІІІ ступенів"" Бориспільської районної ради Київської області",навчально-виховний комплекс,22203330,UA32040130010022833,3220888001,village,щасливськийнавчальновиховнийкомплекслцейзагальноосвтняшкола3ступбориспльська,"2016, 2017"
"КОМУНАЛЬНИЙ ЗАКЛАД КИЇВСЬКОЇ ОБЛАСНОЇ РАДИ ""КИЇВСЬКИЙ ОБЛАСНИЙ СПОРТИВНИЙ ФАХОВИЙ КОЛЕДЖ""",заклад фахової передвищої освіти,22208066,UA32060050010081797,3210600000,town,кивськаобласнакивськийобласнийспортивнийколед,"2023, 2024, 2025"
"Комунальний вищий навчальний заклад Київської обласної ради ""Броварське вище училище фізичної культури""",середня загальноосвітня школа,22208066,UA32060050010081797,3210600000,town,комунальнийвищийнавчальнийзакладкивськаобласнаброварськевищеучилищефзичнакультур,"2016, 2017, 2018, 2019, 2020"
"Комунальний заклад Київської обласної ради ""Броварський спортивний фаховий коледж""",середня загальноосвітня школа,22208066,UA32060050010081797,3210600000,town,кивськаобласнаброварськийспортивнийколед,"2021, 2022, 2023"
"Полянський навчально-виховний комплекс ""загальноосвітній навчальний заклад І-ІІІ ступенів - дошкільний навчальний заклад"" Золочівської районної ради Львівської області",навчально-виховний комплекс,22330519,UA46040130150011401,4621885501,village,полянськийнавчальновиховнийкомплексзагальноосвтнйнавчальнийзаклад3ступдошкльнийнавчальнийзакладзолочвська,"2018, 2019, 2020, 2021"
Полянський заклад загальної середньої освіти І-ІІІ ступенів Поморянської селищної ради Золочівського району Львівської області,навчально-виховний комплекс,22330519,UA46040130150011401,4621885501,village,полянський3ступпоморянська,"2024, 2025"
Полянська загальноосвітня школа І-ІІІ ступенів Золочівської районної ради Львівської області,середня загальноосвітня школа,22330519,UA46040130150011401,4621885501,village,полянськазагальноосвтняшкола3ступзолочвська,"2016, 2017"
Полянська загальноосвітня школа I-III ступенів,середня загальноосвітня школа,22330519,UA68040090360065352,6820910129,village,полянськазагальноосвтняшкола3ступен,"2016, 2017, 2018, 2019, 2020, 2021, 2022"
Полянський заклад загальної середньої освіти І-ІІІ ступенів Поморянської селищної ради Золочівського району Львівської області,середня загальноосвітня школа,22330519,UA46040130150011401,4621885501,village,полянський3ступпоморянська,"2022, 2023"
Давидівська загальноосвітня школа ім. Т. Г. Шевченка І-ІІІ ступенів Пустомитівського району Львівської області,середня загальноосвітня школа,22373606,UA46060090010018310,4623682401,village,давидвськазагальноосвтняшколаментгшевченка3ступен,"2016, 2017"
Давидівський опорний заклад загальної середньої освіти І-ІІІ ступенів ім. Т. Г. Шевченка Давидівської сільської ради об'єднаної територіальної громади Пустомитівського району Львівської області,середня загальноосвітня школа,22373606,UA46060090010018310,4623682401,village,давидвськийопорний3ступментгшевченкадавидвськаобднанатериторальнагромад,"2019, 2020"
Давидівський опорний заклад загальної середньої освіти І-ІІІ ступенів ім. Т. Г. Шевченка Давидівської сільської ради Львівського району Львівської області,середня загальноосвітня школа,22373606,UA46060090010018310,4623682401,village,давидвськийопорний3ступментгшевченкадавидвська,2021
Давидівський ліцей ім. Т. Г. Шевченка Давидівської сільської ради Львівського району Львівської області,середня загальноосвітня школа,22373606,UA46060090010018310,4623682401,village,давидвськийлцейментгшевченкадавидвська,2022
Гончарівська філія Давидівського ліцею ім. Т. Г. Шевченка Давидівської сільської ради Львівського району Львівської області,початкова школа,22373606,UA46060090010018310,4623682401,village,гончарвськафлядавидвськоголцеюментгшевченкадавидвська,2025
Давидівська загальноосвітня школа І-ІІІ ступенів ім. Т. Г. Шевченка Давидівської сільської ради об'єднаної територіальної громади Пустомитівського району Львівської області,середня загальноосвітня школа,22373606,UA46060090010018310,4623682401,village,давидвськазагальноосвтняшкола3ступментгшевченкадавидвськаобднанатериторальнагромад,2018
Давидівський ліцей ім. Т. Г. Шевченка Давидівської сільської ради Львівського району Львівської області,ліцей,22373606,UA46060090010018310,4623682401,village,давидвськийлцейментгшевченкадавидвська,"2023, 2024, 2025"
"Ямпільський навчально-виховний комплекс ""загальноосвітній навчальний заклад І-ІІІ ступенів- дошкільний навчальний заклад"" Пустомитівського району Львівської області",навчально-виховний комплекс,22374095,UA46060270050018963,4623688601,village,ямпльськийнавчальновиховнийкомплексзагальноосвтнйнавчальнийзаклад3ступдошкльнийнавчальнийзакла,2018
Заклад загальної середньої освіти І-ІІІ ступенів села Ямпіль Мурованської сільської ради територіальної громади Львівського району Львівської області,навчально-виховний комплекс,22374095,UA46060270050018963,4623688601,village,3ступсямпльмурованськатериторальнагромад,2022
Ямпільська загальноосвітня школа I-III ступенів,середня загальноосвітня школа,22374095,UA68060350010030995,6820355600,urban village,ямпльськазагальноосвтняшкола3ступен,"2016, 2017, 2018"
Ямпільська загальноосвітня школа І-ІІІ ступенів Пустомитівського району Львівської області,середня загальноосвітня школа,22374095,UA46060270050018963,4623688601,village,ямпльськазагальноосвтняшкола3ступен,2016
Ямпільський ліцей Мурованської сільської ради територіальної громади Львівського району Львівської області,ліцей,22374095,UA46060270050018963,4623688601,village,ямпльськийлцеймурованськатериторальнагромад,"2023, 2024, 2025"
"Ямпільський навчально-виховний комплекс ""загальноосвітній навчальний заклад І-ІІІ ступенів- дошкільний навчальний заклад""  Пустомитівського району Львівської області",навчально-виховний комплекс,22374095,UA46060270050018963,4623688601,village,ямпльськийнавчальновиховнийкомплексзагальноосвтнйнавчальнийзаклад3ступдошкльнийнавчальнийзакла,2017
"Ямпільський навчально-виховний комплекс ""загальноосвітній навчальний заклад І-ІІІ ступенів- дошкільний навчальний заклад"" Мурованської сільської ради об'єднаної територіальної громади Пустомитівського району Львівської області",навчально-виховний комплекс,22374095,UA46060270050018963,4623688601,village,ямпльськийнавчальновиховнийкомплексзагальноосвтнйнавчальнийзаклад3ступдошкльнийнавчальнийзакладмурованськаобднанатериторальнагромад,"2019, 2020, 2021"
"Опорний загальноосвітній навчальний заклад- ""Загальноосвітня середня школа І-ІІІ ступенів ім. о. Михайла Вербицького"" с. Стрілки Старосамбірського району Львівської області",середня загальноосвітня школа,22385928,UA46080170010037904,4625185701,village,опорнийзагальноосвтнйнавчальнийзакладзагальноосвтнясередняшкола3ступменомихайлавербицькогосстрлк,"2018, 2019"
"Філія опорного закладу загальної середньої освіти І-ІІІ ступенів ім. о. Михайла Вербицького с. Стрілки Стрілківської сільської ради Самбірського району Львівської області - ""Пицаревський ЗЗСО І ст.""",середня загальноосвітня школа,22385928,UA46080170210027884,4625188701,village,фляопорногозакладузагальнасередньаосвти3ступменомихайлавербицькогосстрлкистрлквськапицаревськийсту,2025
Опорний заклад загальної середньої освіти І-ІІІ ступенів ім. о. Михайла Вербицького с. Стрілки Стрілківської сільської ради Самбірського району Львівської області,середня загальноосвітня школа,22385928,UA46080170010037904,4625185701,village,опорний3ступменомихайлавербицькогосстрлкистрлквська,2022
Опорний заклад загальної середньої освіти І-ІІІ ступенів ім. о. Михайла Вербицького с.Стрілки Стрілківської сільської ради Самбірського району Львівської області,середня загальноосвітня школа,22385928,UA46080170010037904,4625185701,village,опорний3ступменомихайлавербицькогосстрлкистрлквська,"2023, 2024, 2025"
Загальноосвітня середня школа І-ІІІ ступенів імені О. Михайла Вербицького с. Стрілки Старосамбірського району Львівської області,середня загальноосвітня школа,22385928,UA46080170010037904,4625185701,village,загальноосвтнясередняшкола3ступменомихайлавербицькогосстрлк,2017
Загальноосвітня середня школа І-ІІІ ступенів с. Стрілки Старосамбірського району Львівської області,середня загальноосвітня школа,22385928,UA46080170010037904,4625185701,village,загальноосвтнясередняшкола3ступсстрлк,2016
"Опорний загальноосвітній навчальний заклад - ""Загальноосвітня середня школа І-ІІІ ступенів ім. о. Михайла Вербицького"" с. Стрілки Старосамбірського району Львівської області""",середня загальноосвітня школа,22385928,UA46080170010037904,4625185701,village,опорнийзагальноосвтнйнавчальнийзакладзагальноосвтнясередняшкола3ступменомихайлавербицькогосстрлк,"2020, 2021"
Подорожненський ліцей Стрийської міської ради Стрийського району Львівської області,ліцей,22390438,UA46100230330042784,4625385601,village,подорожненськийлцейстрийська,"2023, 2024, 2025"
Подорожненська середня загальноосвітня школа І-ІІІ ступенів Жидачівського району Львівської області,середня загальноосвітня школа,22390438,UA46100070200065511,4621587804,village,подорожненськасереднязагальноосвтняшкола3ступен,2016
Подорожненська середня загальноосвітня школа І-ІІІ ступенів Стрийського району Львівської області,середня загальноосвітня школа,22390438,UA46100230330042784,4625385601,village,подорожненськасереднязагальноосвтняшкола3ступен,"2016, 2017, 2018"
Подорожненський опорний заклад загальної середньої освіти І-ІІІ ступенів,середня загальноосвітня школа,22390438,UA46100230330042784,4625385601,village,подорожненськийопорний3ступен,2022
Подорожненський опорний заклад загальної середньої освіти І-ІІІ ступенів Стрийського району Львівської області,середня загальноосвітня школа,22390438,UA46100230330042784,4625385601,village,подорожненськийопорний3ступен,"2019, 2020, 2021"
Турківська загальноосвітня школа І-ІІІ ступенів №1 Турківської районної ради Львівської області,середня загальноосвітня школа,22418065,UA46080190010014284,4625510100,town,турквськазагальноосвтняшкола3ступ1турквська,"2016, 2017, 2018, 2019, 2020"
Турківський заклад загальної середньої освіти І-ІІІ ступенів №1 Турківської міської ради Самбірського району Львівської області,середня загальноосвітня школа,22418065,UA46080190010014284,4625510100,town,турквський3ступ1турквська,"2021, 2022"
Турківська загальноосвітня школа І-ІІІ ступенів,середня загальноосвітня школа,22418065,UA26080210050046219,2623285806,village,турквськазагальноосвтняшкола3ступен,2016
ТУРКІВСЬКИЙ ЗАКЛАД ЗАГАЛЬНОЇ СЕРЕДНЬОЇ ОСВІТИ I-III СТУПЕНІВ №1 ТУРКІВСЬКОЇ МІСЬКОЇ РАДИ САМБІРСЬКОГО РАЙОНУ ЛЬВІВСЬКОЇ ОБЛАСТІ,середня загальноосвітня школа,22418065,UA46080190010014284,4625510100,town,турквський3ступ1турквська,"2023, 2024, 2025"
Миколаївське вище училище фізичної культури,вищий навчальний заклад I-II рівнів акредитації,22440981,UA48060150010139573,4810136300,city,миколавськевищеучилищефзичнакультур,2018
Миколаївське вище училище фізичної культури,заклад вищої освіти,22440981,UA48060150010139573,4810136300,city,миколавськевищеучилищефзичнакультур,"2019, 2020"
"Комунальний заклад фахової передвищої освіти ""Миколаївський фаховий коледж фізичної культури"" Миколаївської обласної ради",заклад фахової передвищої освіти,22440981,UA48060150010139573,4810136300,city,фаховапередвищаосвтимиколавськийколеджфзичнакультуримиколавськаобласно,"2023, 2024, 2025"
"Комунальний заклад фахової передвищої освіти "" Миколаївський фаховий коледж фізичної культури""",заклад фахової передвищої освіти,22440981,UA48060150010139573,4810136300,city,фаховапередвищаосвтимиколавськийколеджфзичнакультур,"2022, 2023"
"""Комунальний заклад фахової перевищої освіти "" Миколаївський фаховий коледж фізичної культури""",заклад фахової передвищої освіти,22440981,UA48060150010139573,4810136300,city,фаховаперевищаосвтимиколавськийколеджфзичнакультур,2021
"Опорний заклад ""Мартинівський ліцей"" Мартинівської сільської ради Полтавського району Полтавської області",ліцей,22545154,UA53080210010066625,5321685601,village,опорнийзакладмартинвськийлцеймартинвська,"2023, 2024, 2025"
"Опорний заклад ""Мартинівська загальноосвітня школа І-ІІІ ступенів Карлівської районної ради Полтавської області""",середня загальноосвітня школа,22545154,UA53080210010066625,5321685601,village,опорнийзакладмартинвськазагальноосвтняшкола3ступкарлвська,"2019, 2020, 2021"
"Опорний заклад ""Мартинівська загальноосвітня школа І-ІІІ ступенів"" Мартинівської сільської ради Полтавського району Полтавської області",середня загальноосвітня школа,22545154,UA53080210010066625,5321685601,village,опорнийзакладмартинвськазагальноосвтняшкола3ступмартинвська,2022
Халтурінська загальноосвітня школа І-ІІІ ступенів Карлівської районної ради Полтавської області,середня загальноосвітня школа,22545154,UA53080210010066625,5321685601,village,халтурнськазагальноосвтняшкола3ступкарлвська,2016
Мартинівська загальноосвітня школа I-III ступенів,середня загальноосвітня школа,22545154,UA18040430170098043,1825483001,village,мартинвськазагальноосвтняшкола3ступен,"2016, 2017, 2018, 2019, 2020"
Мартинівська загальноосвітня школа І-ІІІ ступенів Карлівської районної ради Полтавської області,середня загальноосвітня школа,22545154,UA53080210010066625,5321685601,village,мартинвськазагальноосвтняшкола3ступкарлвська,"2017, 2018"
Сарненський ліцей №4 Сарненської міської ради Сарненського району Рівненської області,ліцей,22558725,UA56080170010061049,5625410100,town,сарненськийлцей4сарненська,"2022, 2023, 2024, 2025"
Сарненський ліцей №4 Сарненської міської ради Сарненського району Рівненської області,середня загальноосвітня школа,22558725,UA56080170010061049,5625410100,town,сарненськийлцей4сарненська,2021
Сарненська загальноосвітня школа І-ІІІ ступенів №4 Сарненської районної ради Рівненської області,середня загальноосвітня школа,22558725,UA56080170010061049,5625410100,town,сарненськазагальноосвтняшкола3ступ4сарненська,"2016, 2017, 2018, 2019, 2020"
Сарненський ліцей № 4 Сарненської міської ради Сарненського району Рівненської області,ліцей,22558725,UA56080170010061049,5625410100,town,сарненськийлцей4сарненська,2023
"Заклад освіти ""Рафалівський Петропавлівський ліцей""",ліцей,22567925,UA56020150010083249,5620855400,urban village,закладосвтирафалвськийпетропавлвськийлце,2022
"""Рафалівська початкова школа"" закладу освіти ""Рафалівський Петропавлівський ліцей""",початкова школа,22567925,UA56020150010083249,5620855400,urban village,рафалвськапочатковашколазакладуосвтирафалвськийпетропавлвськийлце,"2024, 2025"
"заклад освіти ""Рафалівський Петропавлівський ліцей""",ліцей,22567925,UA56020150010083249,5620855400,urban village,закладосвтирафалвськийпетропавлвськийлце,"2023, 2024, 2025"
ліцей Боромлянської сільської ради,ліцей,22593495,UA59040010010031876,5925080801,village,лцейборомлянська,"2024, 2025"
Боромлянський навчально-виховний комплекс: загальноосвітня школа I-III ступенів - дошкільний навчальний заклад Тростянецької районної ради Сумської області,навчально-виховний комплекс,22593495,UA59040010010031876,5925080801,village,боромлянськийнавчальновиховнийкомплексзагальноосвтняшкола3ступдошкльнийнавчальнийзакладтростянецька,2016
Жигайлівська філія ліцею Боромлянської сільської ради,середня загальноосвітня школа,22593495,UA59040010060091312,5925080811,village,жигайлвськафлялцеюборомлянська,2023
Ліцей Боромлянської сільської ради,ліцей,22593495,UA59040010010031876,5925080801,village,лцейборомлянська,"2022, 2023"
Боромлянський навчально-виховний комплекс: загальноосвітня школа I-III ступенів - дошкільний навчальний заклад Боромлянської сільської ради Тростянецького району Сумської області,навчально-виховний комплекс,22593495,UA59040010010031876,5925080801,village,боромлянськийнавчальновиховнийкомплексзагальноосвтняшкола3ступдошкльнийнавчальнийзакладборомлянська,"2017, 2018, 2019, 2020, 2021"
Лебединська загальноосвітня школа I-III ступенів № 1 Лебединської міської ради Сумської області,середня загальноосвітня школа,22594129,UA59080110010031484,5910500000,town,лебединськазагальноосвтняшкола3ступ1лебединська,"2017, 2018, 2020, 2021"
Лебединська загальноосвітня школа I-III ступенів № 5 Лебединської міської ради Сумської області,середня загальноосвітня школа,22594129,UA59080110010031484,5910500000,town,лебединськазагальноосвтняшкола3ступ5лебединська,"2016, 2017, 2018, 2019, 2020, 2021"
Лебединська спеціалізована школа I-III ступенів № 7 Лебединської міської ради Сумської області,спеціалізована школа,22594129,UA59080110010031484,5910500000,town,лебединськаспецалзованашкола3ступ7лебединська,"2016, 2017, 2018, 2019, 2020, 2021"
БІРКІВСЬКА ФІЛІЯ НОВОВОДОЛАЗЬКОГО ЛІЦЕЮ №2 НОВОВОДОЛАЗЬКОЇ СЕЛИЩНОЇ РАДИ ХАРКІВСЬКОЇ ОБЛАСТІ,гімназія,22684772,UA63120170020070860,6324255300,urban village,брквськафлянововодолазькоголцею2нововодолазька,2025
Нововодолазький ліцей №2 Нововодолазької селищної ради Харківської області,ліцей,22684772,UA63120170010054489,6324255100,urban village,нововодолазькийлцей2нововодолазька,"2019, 2020, 2021, 2022, 2023, 2024"
Мелихівський начально-виховний комплекс (загальноосвітня школа I-III ст.-дошкільний навчальний заклад) Нововодолазької районної ради Харківської області,навчально-виховний комплекс,22684772,UA63060110120060113,6324285508,village,мелихвськийначальновиховнийкомплекснововодолазька,"2016, 2017, 2018"
Нововодолазький навчально-виховний комплекс (загальноосвітня школа І-ІІІ ступенів - дошкільний навчальний заклад) Нововодолазької селищної ради,навчально-виховний комплекс,22684772,UA63120170010054489,6324255100,urban village,нововодолазькийнавчальновиховнийкомплекснововодолазька,2018
Нововодолазький навчально-виховний комплекс (загальноосвітня школа І-ІІІ ступенів - дошкільний навчальний заклад) Нововодолазької районної ради Харьківської області,навчально-виховний комплекс,22684772,UA63120170010054489,6324255100,urban village,нововодолазькийнавчальновиховнийкомплекснововодолазька,2017
Нововодолазький навчально-виховний комплекс (загальноосвітня школа І-ІІІ ст. - дошкільний навчальний заклад) Нововодолазької районної ради Харьківської області,навчально-виховний комплекс,22684772,UA63120170010054489,6324255100,urban village,нововодолазькийнавчальновиховнийкомплекснововодолазька,2016
НОВОВОДОЛАЗЬКИЙ ЛІЦЕЙ №2 НОВОВОДОЛАЗЬКОЇ СЕЛИЩНОЇ РАДИ ХАРКІВСЬКОЇ ОБЛАСТІ,ліцей,22684772,UA63120170010054489,6324255100,urban village,нововодолазькийлцей2нововодолазька,2025
Сахновецька загальноосвітня школа I-III ступенів,середня загальноосвітня школа,22764005,UA68060250010058571,6822186601,village,сахновецьказагальноосвтняшкола3ступен,2016
Сахновецька загальноосвітня школа I-III ступенів Старокостянтинівської районної ради Хмельницької області,середня загальноосвітня школа,22764005,UA68040390610077858,6824287701,village,сахновецьказагальноосвтняшкола3ступстарокостянтинвська,"2016, 2017, 2018, 2019, 2020, 2021"
Сахновецька загальноосвітня школа I-III ступенів Старокостянтинівської міської ради,середня загальноосвітня школа,22764005,UA68040390610077858,6824287701,village,сахновецьказагальноосвтняшкола3ступстарокостянтинвська,"2022, 2023, 2024, 2025"
Кам'янська загальноосвітня школа І-ІІІ ступенів Кам'янської сільської ради Чернівецького району Чернівецької області,середня загальноосвітня школа,22832422,UA73060230010030556,7321082101,village,камянськазагальноосвтняшкола3ступкамянська,2021
Кам'янська загальноосвітня школа І-ІІІ ступенів Кам'янської сільської ради Глибоцького району Чернівецької області,середня загальноосвітня школа,22832422,UA73060230010030556,7321082101,village,камянськазагальноосвтняшкола3ступкамянська,"2016, 2017, 2018, 2019, 2020"
Кам'янська загальноосвітня школа І-ІІІ ступенів Кам'янецької сільської ради Чернівецького району Чернівецької області,середня загальноосвітня школа,22832422,UA73060230010030556,7321082101,village,камянськазагальноосвтняшкола3ступкамянецька,2022
Кам'янська загальноосвітня школа І-ІІІ ступенів Кам'янської сільської ради Сторожинецького району Чернівецької області,середня загальноосвітня школа,22832422,UA73060250010088981,7324584001,village,камянськазагальноосвтняшкола3ступкамянська,"2016, 2017, 2018, 2019"
"комунальний заклад ""Кам'янський ліцей Кам'янецької сільської ради Чернівецького району Чернівецької області""",середня загальноосвітня школа,22832422,UA73060230010030556,7321082101,village,камянськийлцейкамянецька,"2023, 2024, 2025"
"Новодністровський опорний заклад загальної середньої освіти ""Новодністровська гімназія"" Чернівецької області",середня загальноосвітня школа,22853074,UA73040130010085979,7310600000,town,новоднстровськийопорнийноводнстровськагмназ,"2024, 2025"
"Новодністровська початкова школа-філія Новодністровського опорного закладу загальної середньої освіти ""Новодністровська гімназія"" Чернівецької області",початкова школа,22853074,UA73040130010085979,7310600000,town,новоднстровськапочатковашколафляноводнстровськогоопорногозакладузагальнасередньаосвтиноводнстровськагмназ,"2024, 2025"
"Новодністровський опорний заклад загальної середньої освіти ""Новодністровська гімназія"" Чернівецької області",гімназія,22853074,UA73040130010085979,7310600000,town,новоднстровськийопорнийноводнстровськагмназ,"2021, 2022, 2023"
Медична гімназія №33 міста Києва,гімназія,22881455,UA80000000000126643,8036100000,city,медичнагмназя33мкив,"2016, 2017, 2018, 2019, 2020, 2021, 2022, 2023"
Середня загальноосвітня школа №33,середня загальноосвітня школа,22881455,UA46060250010615203,4610137500,city,середнязагальноосвтняшкола33,"2016, 2017, 2018"
Ліцей № 33 міста Києва,ліцей,22881455,UA80000000000126643,8036100000,city,лцей33мкив,"2024, 2025"
Бубнівський ліцей Локачинської селищної ради Володимир-Волинського району Волинської області,ліцей,23019551,UA07020110040049775,0722484604,village,бубнвськийлцейлокачинська,2023
Загальноосвітня школа І-ІІІ ступеня села Бубнів Володимир-Волинського району Волинської області,середня загальноосвітня школа,23019551,UA07020050050099497,0720582006,village,загальноосвтняшкола3ступсбубн,"2016, 2017"
Загальноосвітня школа І-ІІІ ступеня с. Бубнів Локачинського району Волинської області,середня загальноосвітня школа,23019551,UA07020110040049775,0722484604,village,загальноосвтняшкола3ступсбубн,"2016, 2017, 2018, 2019, 2020"
Бубнівський ліцей Локачинської селищної ради Володимирського району Волинської області,ліцей,23019551,UA07020110040049775,0722484604,village,бубнвськийлцейлокачинська,"2024, 2025"
Чернятинська філія опорного закладу загальної середньої освіти-ліцею з дошкільним підрозділом с.Дружелюбівка Калинівської міської ради Вінницької області,початкова школа,23062630,UA05120070440050781,0521685601,village,чернятинськафляопорногозакладузагальнасередньаосвтилцеюздошкльнимпдроздломсдружелюбвкакалинвська,2023
опорний заклад загальної середньої освіти-ліцей з дошкільним підрозділом с. Дружелюбівка Калинівської міської ради Вінницької області,ліцей,23062630,UA05120070120089613,0521610101,village,опорнийлцейздошкльнимпдроздломсдружелюбвкакалинвська,"2023, 2024, 2025"
Загальноосвітня школа I-III ступенів с. Дружелюбівка,середня загальноосвітня школа,23062630,UA05120070120089613,0521610101,village,загальноосвтняшкола3ступсдружелюбвк,2016
Загальноосвітня школа I-III ступенів с. Дружелюбівка Калинівський район Вінницька область,середня загальноосвітня школа,23062630,UA05120070120089613,0521610101,village,загальноосвтняшкола3ступсдружелюбвк,"2017, 2018, 2019, 2020, 2021"
Опорний заклад загальної середньої освіти-ліцей з дошкільним підрозділом с. Дружелюбівка Калинівської міської ради Вінницької області,середня загальноосвітня школа,23062630,UA05120070120089613,0521610101,village,опорнийлцейздошкльнимпдроздломсдружелюбвкакалинвська,2022
Чаплинська середня загальноосвітня школа,середня загальноосвітня школа,23067521,UA12140070020052079,1220755700,urban village,чаплинськасереднязагальноосвтняшкол,2016
Чаплинська середня загальноосвітня опорна школа Васильківського району Дніпропетровської області,середня загальноосвітня школа,23067521,UA12140070020052079,1220755700,urban village,чаплинськасереднязагальноосвтняопорнашкол,"2017, 2018, 2019, 2020, 2021"
"Комунальний заклад""Чаплинський ліцей Дубовиківської сільської ради Синельниківського району Дніпропетровської області""",середня загальноосвітня школа,23067521,UA12140070020052079,1220755700,urban village,чаплинськийлцейдубовиквська,2024
"Комунальний заклад ""Чаплинська середня загальноосвітня опорна школа Дубовиківської сільської ради Дніпропетровської області""",середня загальноосвітня школа,23067521,UA12140070020052079,1220755700,urban village,чаплинськасереднязагальноосвтняопорнашколадубовиквська,"2022, 2023"
"Чаплинська філія І-ІІ ступенів комунального закладу ""Чаплинської середньої загальноосвітньої опорної школи Дубовиківської сільської ради Дніпропетровської області """,середня загальноосвітня школа,23067521,UA12140070020052079,1220755700,urban village,чаплинськафля2ступчаплинськасередньазагальноосвтньаопорнашколидубовиквська,2023
Чаплинський ліцей Дубовиківської сільської ради Синельниківського району Дніпропетровської області,середня загальноосвітня школа,23067521,UA12140070020052079,1220755700,urban village,чаплинськийлцейдубовиквська,2025
Добровеличківська філія комунального закладу Добровеличківський ліцей «ІНТЕЛЕКТ» Добровеличківської селищної ради Кіровоградської області,середня загальноосвітня школа,23228183,UA35060050010069539,3521755100,urban village,добровеличквськафлядобровеличквськийлцейнтелектдобровеличквська,"2024, 2025"
Добровеличківська загальноосвітня школа-інтернат І-ІІІ ступенів Кіровоградської обласної ради,середня загальноосвітня школа-інтернат,23228183,UA35060050010069539,3521755100,urban village,добровеличквськазагальноосвтняшколантернат3ступкровоградськаобласно,2016
"Комунальний заклад ""Добровеличківське навчально-виховне об'єднання ""спеціалізована загальноосвітня школа-інтернат І-ІІІ ступенів-загальноосвітня школа І-ІІІ ступенів-дошкільний навчальний заклад"" Добровеличківської районної ради",навчально-виховне об'єднання,23228183,UA35060050010069539,3521755100,urban village,добровеличквськенавчальновиховнеобднаняспецалзованазагальноосвтняшколантернат3ступзагальноосвтняшкола3ступдошкльнийнавчальнийзакладдобровеличквська,2019
"Комунальний заклад Добровеличківський ліцей ""ІНТЕЛЕКТ"" Добровеличківської районної ради Кіровоградської області",ліцей,23228183,UA35060050010069539,3521755100,urban village,добровеличквськийлцейнтелектдобровеличквська,2020
"Комунальний заклад Добровеличківський ліцей ""ІНТЕЛЕКТ"" Добровеличківської селищної ради Кіровоградської області",ліцей,23228183,UA35060050010069539,3521755100,urban village,добровеличквськийлцейнтелектдобровеличквська,"2021, 2022, 2023, 2024, 2025"
Добровеличківська спеціалізована загальноосвітня школа-інтернат І-ІІІ ступенів Добровеличківської районної ради,спеціалізована школа-інтернат,23228183,UA35060050010069539,3521755100,urban village,добровеличквськаспецалзованазагальноосвтняшколантернат3ступдобровеличквська,2017
"Філія Олександрівська загальноосвітня школа І-ІІІ ступенів комунального закладу Добровеличківський ліцей ""ІНТЕЛЕКТ"" Добровеличківської районної ради Кіровоградської області",середня загальноосвітня школа,23228183,UA35060050240036343,3521780301,village,фляолександрвськазагальноосвтняшкола3ступдобровеличквськийлцейнтелектдобровеличквська,2020
"Комунальний заклад ""Добровеличківське навчально-виховне об'єднання"" спеціалізована загальноосвітня школа-інтернат І-ІІІ ступенів-загальноосвітня школа І-ІІІ ступенів-дошкільний навчальний заклад"" Добровеличківської районної ради",навчально-виховне об'єднання,23228183,UA35060050010069539,3521755100,urban village,добровеличквськенавчальновиховнеобднаняспецалзованазагальноосвтняшколантернат3ступзагальноосвтняшкола3ступдошкльнийнавчальнийзакладдобровеличквська,2018
Вільшанська загальноосвітня школа І-ІІІ ступенів Новоархангельської районної ради Кіровоградської області,середня загальноосвітня школа,23231802,UA35020110020019555,3523683901,village,вльшанськазагальноосвтняшкола3ступновоархангельська,2016
Вільшанська загальноосвітня школа I-III ступенів,середня загальноосвітня школа,23231802,UA18040110010019488,1825886401,village,вльшанськазагальноосвтняшкола3ступен,"2016, 2017, 2018, 2019"
Голованівський ліцей ім. Т.Г.Шевченка Голованівської селищної ради,ліцей,23232546,UA35020070010065136,3521455100,urban village,голованвськийлцейментгшевченкаголованвська,"2021, 2022, 2023"
"Філія навчально-виховного комплексу ""Голованівська загальноосвітня школа І-ІІІ ступенів ім.Т.Г.Шевченка - гімназія ""Межирічківська загальноосвітня школа""",середня загальноосвітня школа,23232546,UA35020070160043352,3521485201,village,флянавчальновиховногокомплексуголованвськазагальноосвтняшкола3ступментгшевченкагмназямежирчквськазагальноосвтняшкол,2017
Межирічківська філія Голованівського ліцею ім. Т.Г. Шевченка,середня загальноосвітня школа,23232546,UA35020070160043352,3521485201,village,межирчквськафляголованвськоголцеюментгшевченк,"2019, 2020"
"Філія НВК ""Голованівська загальноосвітня школа І -ІІІ ступенів ім.Т.Г.Шевченка-гімназія ""Троянська загальноосвітня школа""Троянської сільської ради Голованівського району",середня загальноосвітня школа,23232546,UA35020070270083497,3521487701,village,флянавчальновиховнийкомплексголованвськазагальноосвтняшкола3ступментгшевченкагмназятроянськазагальноосвтняшколатроянська,2017
Голованівський ліцей ім. Т.Г.Шевченка Голованівської районної ради,ліцей,23232546,UA35020070010065136,3521455100,urban village,голованвськийлцейментгшевченкаголованвська,"2019, 2020"
"філія навчально-виховного комплексу ""Голованівська загальноосвітня школа І-ІІІ ступенів ім.Т.Г.Шевченка - гімназія ""Клинівська загальноосвітня школа""",середня загальноосвітня школа,23232546,UA35020070070053744,3521482801,village,флянавчальновиховногокомплексуголованвськазагальноосвтняшкола3ступментгшевченкагмназяклинвськазагальноосвтняшкол,2017
"Навчально-виховний комплекс ""Голованівська загальноосвітня школа І-ІІІ ступенів ім.Т.Г.Шевченка-гімназія"" Голованівської районної ради Кіровоградської області",навчально-виховний комплекс,23232546,UA35020070010065136,3521455100,urban village,навчальновиховнийкомплексголованвськазагальноосвтняшкола3ступментгшевченкагмназяголованвська,"2016, 2017, 2018"
Троянська філія Голованівського ліцею ім. Т.Г. Шевченка Голованівської районної ради Кіровоградської області,середня загальноосвітня школа,23232546,UA35020070270083497,3521487701,village,троянськафляголованвськоголцеюментгшевченкаголованвська,2020
Троянська філія Голованівського ліцею ім. Т.Г. Шевченка,середня загальноосвітня школа,23232546,UA35020070270083497,3521487701,village,троянськафляголованвськоголцеюментгшевченк,2019
Клинівська філія Голованівського ліцею ім. Т.Г. Шевченка,середня загальноосвітня школа,23232546,UA35020070070053744,3521482801,village,клинвськафляголованвськоголцеюментгшевченк,2020
Голованівський ліцей ім. Т.Г. Шевченка Голованівської селищної ради,ліцей,23232546,UA35020070010065136,3521455100,urban village,голованвськийлцейментгшевченкаголованвська,"2024, 2025"
Голованівська філія ім. Г.В. Міклея Голованівського ліцею ім. Т.Г. Шевченка Голованівської селищної ради,середня загальноосвітня школа,23232546,UA35020070310075273,3521455101,settlement,голованвськафляменгвмклеяголованвськоголцеюментгшевченкаголованвська,2023
Омельницький ліцей Онуфріївської селищної ради Кіровоградської області,ліцей,23232871,UA35080070190060148,3524685801,village,омельницькийлцейонуфрвська,2024
"Навчально-виховний комплекс ""Омельницька загальноосвітня школа І-ІІІ ступенів-ДНЗ"" Онуфріївської районної ради Кіровоградської області",навчально-виховний комплекс,23232871,UA35080070190060148,3524685801,village,навчальновиховнийкомплексомельницьказагальноосвтняшкола3ступднзонуфрвська,"2017, 2021"
Омельницький ліцей,ліцей,23232871,UA53020170010021077,5322483201,village,омельницькийлце,2017
"Комунальний заклад ""Петрівське навчально-виховне об'єднання ""загальноосвітня школа І-ІІІ ступенів-гімназія"" Петрівської селищної ради Олександрійського району Кіровоградської області",навчально-виховне об'єднання,23234551,UA35080110010024292,3524955100,urban village,петрвськенавчальновиховнеобднанязагальноосвтняшкола3ступгмназяпетрвська,"2021, 2022"
"Комунальний заклад ""Петрівське навчально-виховне об'єднання ""загальноосвітня школа І-ІІІ ступенів-гімназія"" ""Петрівської селищної ради Петрівського району Кіровоградської області",навчально-виховне об'єднання,23234551,UA35080110010024292,3524955100,urban village,петрвськенавчальновиховнеобднанязагальноосвтняшкола3ступгмназяпетрвська,2020
"Комунальний заклад ""Петрівське навчально-виховне об'єднання ""загальноосвітня школа І-ІІІ ступенів-гімназія"" ""Петрівської районної ради",навчально-виховний комплекс,23234551,UA35080110010024292,3524955100,urban village,петрвськенавчальновиховнеобднанязагальноосвтняшкола3ступгмназяпетрвська,2017
"Комунальний заклад ""Петрівський навчально-виховний комплекс ""загальноосвітня школа ІІ-ІІІ ступенів-гімназія"" ""Петрівської районної ради",навчально-виховний комплекс,23234551,UA35080110010024292,3524955100,urban village,петрвськийнавчальновиховнийкомплексзагальноосвтняшкола3ступгмназяпетрвська,2016
"Комунальний заклад ""Петрівське навчально-виховне об'єднання ""загальноосвітня школа І-ІІІ ступенів-гімназія"" ""Петрівської районної ради",навчально-виховне об'єднання,23234551,UA35080110010024292,3524955100,urban village,петрвськенавчальновиховнеобднанязагальноосвтняшкола3ступгмназяпетрвська,"2018, 2019"
Петрівський ліцей Петрівської селищної ради Олександрійського району Кіровоградської області,ліцей,23234551,UA35080110010024292,3524955100,urban village,петрвськийлцейпетрвська,"2023, 2024, 2025"
Петрівська філія Петрівського ліцею Петрівської селищної ради Олександрійського району Кіровоградської області,початкова школа,23234551,UA35080110010024292,3524955100,urban village,петрвськафляпетрвськоголцеюпетрвська,"2023, 2025"
"Комунальний заклад ""Вільшанський ліцей"" Солоницівської селищної ради",ліцей,23452455,UA63120250020016357,6322056200,urban village,вльшанськийлцейсолоницвська,"2022, 2023, 2024, 2025"
"Філія ""Протопопівська гімназія"" Комунального закладу ""Вільшанський ліцей"" Солоницівської селищної ради",гімназія,23452455,UA63120250110031397,6322081001,village,фляпротопопвськагмназявльшанськийлцейсолоницвська,2025
"Комунальний заклад ""Вільшанський ліцей"" Дергачівської районної ради Харківської області",ліцей,23452455,UA63120250020016357,6322056200,urban village,вльшанськийлцейдергачвська,"2019, 2020, 2021"
Вільшанська загальноосвітня школа I-III ступенів Дергачівської районної ради Харківської області,середня загальноосвітня школа,23452455,UA63120250020016357,6322056200,urban village,вльшанськазагальноосвтняшкола3ступдергачвська,"2016, 2017, 2018"
Мартинівська загальноосвітня школа І-ІІІ ступенів Гадяцької районної ради Полтавської області,середня загальноосвітня школа,23545966,UA53060050120050160,5320484701,village,мартинвськазагальноосвтняшкола3ступгадяцька,"2016, 2017, 2019, 2020, 2021"
Мартинівська загальноосвітня школа I-IІ-ІII ступенів,середня загальноосвітня школа,23545966,UA05060050170053297,0521080309,village,мартинвськазагальноосвтняшкола3ступен,"2016, 2017"
Мартинівська загальноосвітня школа I-ІII ступенів,середня загальноосвітня школа,23545966,UA05060050170053297,0521080309,village,мартинвськазагальноосвтняшкола3ступен,"2018, 2019"
Мартинівський заклад загальної середньої освіти I-ІII ступенів,середня загальноосвітня школа,23545966,UA05060050170053297,0521080309,village,мартинвський3ступен,2022
Мартинівський заклад загальної середньої освіти І-ІІІ ступенів Великобудищанської сільської ради Полтавської області,ліцей,23545966,UA53060050120050160,5320484701,village,мартинвський3ступвеликобудищанська,"2022, 2023"
"Михнівська гімназія ""Успіх"" Лубенської міської ради Лубенського району Полтавської області",ліцей,23547273,UA53040030320062399,5322884901,village,михнвськагмназяуспхлубенська,2025
Михнівська загальноосвітня школа І-ІІІ ступенів Лубенської районної ради Полтавської області,середня загальноосвітня школа,23547273,UA53040030320062399,5322884901,village,михнвськазагальноосвтняшкола3ступлубенська,2016
"Михнівська гімназія ""Успіх"" Лубенської міської ради Лубенського району Полтавської області",гімназія,23547273,UA53040030320062399,5322884901,village,михнвськагмназяуспхлубенська,2024
Михнівська загальноосвітня школа I-III ступенів,середня загальноосвітня школа,23547273,UA68060090260074111,6822183901,village,михнвськазагальноосвтняшкола3ступен,2016
Михнівська загальноосвітня школа І-ІІІ ступенів Лубенської міської ради Лубенського району Полтавської області,середня загальноосвітня школа,23547273,UA53040030320062399,5322884901,village,михнвськазагальноосвтняшкола3ступлубенська,"2021, 2022, 2023"
Михнівська загальноосвітня школа І-ІІІ ступенів Засульської сільської ради Полтавської області,середня загальноосвітня школа,23547273,UA53040030320062399,5322884901,village,михнвськазагальноосвтняшкола3ступзасульська,"2017, 2018, 2019, 2020"
Почаївська загальноосвітня школа І-ІІІ ступенів,середня загальноосвітня школа,23548373,UA61020130010032621,6123410500,town,почавськазагальноосвтняшкола3ступен,"2016, 2017, 2018"
Почаївська загальноосвітня школа І-ІІІ ступенів Гребінківської районної ради Полтавської області,середня загальноосвітня школа,23548373,UA53040010300057138,5320886601,village,почавськазагальноосвтняшкола3ступгребнквська,"2017, 2018, 2019, 2020"
Ульяновська загальноосвітня школа І-ІІІ ступенів Гребінківської районної ради Полтавської області,середня загальноосвітня школа,23548373,UA53040010300057138,5320886601,village,ульяновськазагальноосвтняшкола3ступгребнквська,2016
Богданівський ліцей Великодимерської селищної ради Броварського району Київської області,ліцей,23567867,UA32060070030077126,3221280801,village,богданвськийлцейвеликодимерська,2023
Богданівська загальноосвітня школа І-ІІІ ступенів Броварського району Київської області,середня загальноосвітня школа,23567867,UA32060070030077126,3221280801,village,богданвськазагальноосвтняшкола3ступен,"2016, 2017, 2018, 2019"
Богданівська загальноосвітня школа I-III ступенів,середня загальноосвітня школа,23567867,UA05100150040087719,0524382201,village,богданвськазагальноосвтняшкола3ступен,"2016, 2017, 2018, 2019"
"Комунальний заклад ""Богданівське навчально-виховне об'єднання"" Великодимерської селищної ради Броварського району Київської області",середня загальноосвітня школа,23567867,UA32060070030077126,3221280801,village,богданвськенавчальновиховнеобднанявеликодимерська,"2021, 2022"
"Комунальний заклад ""Богданівське навчально-виховне об'єднання"" Богданівської сільської ради Броварського району Київської області",середня загальноосвітня школа,23567867,UA32060070030077126,3221280801,village,богданвськенавчальновиховнеобднанябогданвська,2020
Ковалівська загальноосвітня школа І-ІІІ ступенів,середня загальноосвітня школа,23588837,UA26080130040016713,2623282601,village,ковалвськазагальноосвтняшкола3ступен,"2016, 2017, 2018"
Ковалівська загальноосвітня школа І-ІІІ ступенів  Монастириського району  Тернопільської області,середня загальноосвітня школа,23588837,UA61060310180038840,6124285601,village,ковалвськазагальноосвтняшкола3ступен,2017
Ковалівська загальноосвітня школа І-ІІІ ступенів Монастириського району Тернопільської області,середня загальноосвітня школа,23588837,UA61060310180038840,6124285601,village,ковалвськазагальноосвтняшкола3ступен,"2018, 2019"
Ковалівський заклад загальної середньої освіти І-ІІІ ступенів Монастириської міської ради,середня загальноосвітня школа,23588837,UA61060310180038840,6124285601,village,ковалвський3ступмонастириська,"2023, 2024, 2025"
Ковалівська загальноосвітня школа І-ІІІ ступенів,середня загальноосвітня школа,23588837,UA61060310180038840,6124285601,village,ковалвськазагальноосвтняшкола3ступен,2016
Ковалівський заклад загальної середньої освіти І-ІІІ ступенів Монастириської міської ради Тернопільської області,середня загальноосвітня школа,23588837,UA61060310180038840,6124285601,village,ковалвський3ступмонастириська,"2020, 2021, 2022"
Яблунівська загальноосвітня санаторна школа І-ІІІ ступенів при Яблунівському обласному комунальному дитячому протитуберкульозному санаторію с.Яблунів Гусятинського району Тернопільської області,загальноосвітня санаторна школа,23594835,UA61060250120091321,6121689601,village,яблунвськазагальноосвтнясанаторнашкола3ступприяблунвськомуобласномукомунальномудитячомупротитуберкульозномусанаторюсяблун,2016
Ліцей с. Яблунів Копичинецької міської ради Чортківського району Тернопільської області,ліцей,23594835,UA61060250120091321,6121689601,village,лцейсяблунвкопичинецька,"2023, 2024, 2025"
Загальноосвітня школа І-ІІІ ступенів с. Яблунів Гусятинського району Тернопільської області,середня загальноосвітня школа,23594835,UA61060250120091321,6121689601,village,загальноосвтняшкола3ступсяблун,"2016, 2017, 2018, 2019, 2020, 2021, 2022"
Комишуватський ліцей Рівнянської сільської ради Новоукраїнського району Кіровоградської області,середня загальноосвітня школа,23681310,UA35060210120058700,3524082401,village,комишуватськийлцейрвнянська,2022
Комишуватська загальноосвітня школа І-ІІІ ступенів Рівнянської сільської ради Новоукраїнського району Кіровоградської області,середня загальноосвітня школа,23681310,UA35060210120058700,3524082401,village,комишуватськазагальноосвтняшкола3ступрвнянська,2021
"Малопомічнянська філія Комишуватського ліцею Рівнянської сільської ради Новоукраїнського району Кіровоградської області ""Новоєгорівська загальноосвітня школа""",середня загальноосвітня школа,23681310,UA35060210190055353,3524084001,village,малопомчнянськафлякомишуватськоголцеюрвнянськановогорвськазагальноосвтняшкол,"2023, 2024"
Комишуватська загальноосвітня школа І-ІІІ ступенів Новоукраїнської районної ради Кіровоградської області,середня загальноосвітня школа,23681310,UA35060210120058700,3524082401,village,комишуватськазагальноосвтняшкола3ступновоукранська,"2016, 2017, 2018, 2019, 2020"
КОМИШУВАТСЬКИЙ ЛІЦЕЙ РІВНЯНСЬКОЇ СІЛЬСЬКОЇ РАДИ НОВОУКРАЇНСЬКОГО РАЙОНУ КІРОВОГРАДСЬКОЇ ОБЛАСТІ,ліцей,23681310,UA35060210120058700,3524082401,village,комишуватськийлцейрвнянська,"2023, 2024, 2025"
Філія № 1 Галицького ліцею імені Ярослава Осмомисла Галицької міської ради Івано-Франківської області,гімназія,23804735,UA26040090010078723,2621210100,town,фля1галицькоголцеюменярославаосмомислагалицька,2025
Галицький ліцей імені Ярослава Осмомисла Галицької районної ради Івано-Франківської області,ліцей,23804735,UA26040090010078723,2621210100,town,галицькийлцейменярославаосмомислагалицька,"2019, 2020, 2021"
Галицька загальноосвітня школа І-ІІІ ступенів №1 Галицької районної ради Івано-Франківської області,середня загальноосвітня школа,23804735,UA26040090010078723,2621210100,town,галицьказагальноосвтняшкола3ступ1галицька,2017
Галицький ліцей імені Ярослава Осмомисла Галицької міської ради Івано-Франківської області,ліцей,23804735,UA26040090010078723,2621210100,town,галицькийлцейменярославаосмомислагалицька,"2022, 2023, 2024, 2025"
Галицька загальноосвітня школа І-ІІІступенів №1 Галицької районної ради Івано-Франківської області,середня загальноосвітня школа,23804735,UA26040090010078723,2621210100,town,галицьказагальноосвтняшкола3ступ1галицька,2016
Галицька загальноосвітня школа І-ІІІ ступенів №1 імені Ярослава Осмомисла Галицької районної ради Івано-Франківської області,середня загальноосвітня школа,23804735,UA26040090010078723,2621210100,town,галицьказагальноосвтняшкола3ступ1менярославаосмомислагалицька,2018
Делівська загальноосвітня школа І-ІІІ ступенів,середня загальноосвітня школа,23804818,UA26040250030026718,2625686204,village,делвськазагальноосвтняшкола3ступен,2017
Делівська загальноосвітня школа 1-3 ступенів,середня загальноосвітня школа,23804818,UA26040250030026718,2625686204,village,делвськазагальноосвтняшкола13ступен,2016
Деліївська загальноосвітня школа І-ІІІ ступенів Галицької районної ради Івано-Франківської області,середня загальноосвітня школа,23804818,UA26040130050038958,2621281501,village,делвськазагальноосвтняшкола3ступгалицька,"2016, 2017, 2018, 2019, 2020, 2021"
"Комунальний заклад ""Олександрівський освітній комплекс"" Ширяївської селищної ради Одеської області",навчально-виховний комплекс,23863502,UA51120050060081842,5125480301,village,олександрвськийосвтнйкомплексширявська,"2018, 2019, 2020, 2021"
"Олександрівський навчально-виховний комплекс ""загальноосвітня школа І-ІІІ ступенів - ДНЗ"" Любашівського району",навчально-виховний комплекс,23863502,UA51120130290014877,5123383707,village,олександрвськийнавчальновиховнийкомплексзагальноосвтняшкола3ступдн,2017
"Олександрівський навчально-виховний комплекс ""загальноосвітня школа І-ІІІ ступенів - ДНЗ"" Любашівського району
",навчально-виховний комплекс,23863502,UA51120130290014877,5123383707,village,олександрвськийнавчальновиховнийкомплексзагальноосвтняшкола3ступдн,2016
"Олександрівський навчально-виховний комплекс ""Загальноосвітня школа І-ІІІ ступенів - ДНЗ"" Любашівського району",навчально-виховний комплекс,23863502,UA51120130290014877,5123383707,village,олександрвськийнавчальновиховнийкомплексзагальноосвтняшкола3ступдн,2018
"Олександрівський навчально-виховний комплекс ""загальноосвітня школа I-III ступенів - дошкільний навчальний заклад"" Ширяївської районної ради Одеської області",навчально-виховний комплекс,23863502,UA51120050060081842,5125480301,village,олександрвськийнавчальновиховнийкомплексзагальноосвтняшкола3ступдошкльнийнавчальнийзакладширявська,"2016, 2017"
Школа І-ІІІ ступенів №29,середня загальноосвітня школа,23887299,UA80000000000551439,8038000000,city,школа3ступ29,"2017, 2018, 2019, 2020, 2021, 2022, 2023"
Середня загальноосвітня школа №29 загальноосвітній навчальний заклад І-ІІІ ступенів,середня загальноосвітня школа,23887299,UA80000000000551439,8038000000,city,середнязагальноосвтняшкола29загальноосвтнйнавчальнийзаклад3ступен,2016
Середня загальноосвітня школа І-ІІІ ступенів №29 м. Львова,середня загальноосвітня школа,23887299,UA46060250020038547,4610160300,town,середнязагальноосвтняшкола3ступ29мльвов,"2016, 2017, 2018, 2019, 2020, 2021, 2022, 2023, 2024, 2025"
Сокальська спеціалізована школа І-ІІІ ступенів №3 Сокальської районної ради Львівської області,спеціалізована школа,23972384,UA46120110010087965,4624810100,town,сокальськаспецалзованашкола3ступ3сокальська,"2016, 2017, 2018"
Заклад загальної середньої освіти І-ІІІ ступенів Сокальський ліцей №3 Сокальської міської ради Львівської області,середня загальноосвітня школа,23972384,UA46120110010087965,4624810100,town,3ступсокальськийлцей3сокальська,"2023, 2024, 2025"
Заклад загальної середньої освіти І-ІІІ ступенів Сокальський ліцей №3 Сокальської районної ради Львівської області,ліцей,23972384,UA46120110010087965,4624810100,town,3ступсокальськийлцей3сокальська,"2019, 2020"
Заклад загальної середньої освіти І-ІІІ ступенів Сокальський ліцей №3 Сокальської міської ради Львівської області,ліцей,23972384,UA46120110010087965,4624810100,town,3ступсокальськийлцей3сокальська,"2021, 2022"
Заклад загальної середньої освіти І-ІІІ стпенів Соснівський ліцей №3 Сокальської районної ради Львівської області,навчально-виховний комплекс,23972384,UA46120130020045105,4624810200,town,3стпенвсоснвськийлцей3сокальська,2020
Глинський ліцей-заклад загальної середньої освіти І-ІІІ ступенів Андріяшівської сільської ради Роменського району Сумської області,ліцей,23999673,UA59060010090046430,5924184401,village,глинськийлцей3ступандряшвська,"2021, 2022"
Глинська загальноосвітня школа І-ІІІ ступенів,середня загальноосвітня школа,23999673,UA61040230110073323,6123082001,village,глинськазагальноосвтняшкола3ступен,"2016, 2017, 2018, 2019, 2020, 2021"
Глинський ліцей - заклад загальної середньої освіти І-ІІІ ступенів Андріяшівської сільської ради Роменського району Сумської області,ліцей,23999673,UA59060010090046430,5924184401,village,глинськийлцей3ступандряшвська,"2023, 2024, 2025"
Глинська загальноосвітня школа I-III ступенів Роменської районної ради Сумської області,середня загальноосвітня школа,23999673,UA59060010090046430,5924184401,village,глинськазагальноосвтняшкола3ступроменська,"2016, 2017, 2018, 2019, 2020"
Вечірнє відділення при Конотопській загальноосвітній школі І-ІІІ ступенів №10 Конотопської міської ради Сумської області,вечірня (змінна) школа,24011586,UA59020070010054283,5910400000,town,вечрнвддленяприконотопськйзагальноосвтнйшкол3ступ10конотопська,2016
Конотопська загальноосвітня школа I-III ступенів №10 Конотопської міської ради Сумської області,середня загальноосвітня школа,24011586,UA59020070010054283,5910400000,town,конотопськазагальноосвтняшкола3ступ10конотопська,"2016, 2017, 2018, 2019, 2020, 2021, 2022"
Конотопський ліцей №10 Конотопської міської ради Сумської області,ліцей,24011586,UA59020070010054283,5910400000,town,конотопськийлцей10конотопська,"2023, 2024, 2025"
Поліська загальноосвітня школа І-ІІІ ступенів Березнівської районної ради Рівненської області,середня загальноосвітня школа,24171373,UA56060030300088827,5620487601,village,полськазагальноосвтняшкола3ступберезнвська,"2016, 2017, 2018, 2019, 2020"
Поліська загальноосвітня школа I-III ступенів,середня загальноосвітня школа,24171373,UA68060090330053896,6822185401,village,полськазагальноосвтняшкола3ступен,2016
ПОЛІСЬКИЙ ЛІЦЕЙ БЕРЕЗНІВСЬКОЇ МІСЬКОЇ РАДИ РІВНЕНСЬКОГО РАЙОНУ РІВНЕНСЬКОЇ ОБЛАСТІ,ліцей,24171373,UA56060030300088827,5620487601,village,полськийлцейберезнвська,2022
Поліський ліцей Березнівської міської ради Рівненського району Рівненської області,ліцей,24171373,UA56060030300088827,5620487601,village,полськийлцейберезнвська,"2021, 2023, 2024, 2025"
Квітневська загальноосвітня школа I-III ступенів,середня загальноосвітня школа,24172094,UA68060030310073984,6820384501,village,квтневськазагальноосвтняшкола3ступен,"2016, 2017, 2018"
Квітневська загальноосвітня школа І-ІІІ ступенів Дубенської районної ради Рівненської області,середня загальноосвітня школа,24172094,UA56040050050024758,5621684703,village,квтневськазагальноосвтняшкола3ступдубенська,"2016, 2017, 2018, 2019, 2020"
Квітневський ліцей Варковицької сільської ради Дубенського району Рівненської області,ліцей,24172094,UA56040050050024758,5621684703,village,квтневськийлцейварковицька,"2021, 2023, 2024, 2025"
Орлівська загальноосвітня школа І-ІІІ ступенів Березнівської районної ради Рівненської області,середня загальноосвітня школа,24175552,UA56060030280053394,5620483602,village,орлвськазагальноосвтняшкола3ступберезнвська,"2016, 2017, 2018, 2019, 2020"
Орлівський ліцей Березнівської міської ради Рівненського району Рівненської області,ліцей,24175552,UA56060030280053394,5620483602,village,орлвськийлцейберезнвська,"2021, 2022, 2023, 2024, 2025"
Орлівська загальноосвітня школа I-III ступенів,середня загальноосвітня школа,24175552,UA14160190210082037,1425584301,village,орлвськазагальноосвтняшкола3ступен,2016
"Опорний заклад ""Шпанівський навчально-виховний комплекс ""загальноосвітній навчальний заклад І-ІІІ ступенів - дошкільний навчальний заклад"" Рівненської районної ради Рівненської області",навчально-виховний комплекс,24178300,UA56060510010079884,5624689501,village,опорнийзакладшпанвськийнавчальновиховнийкомплексзагальноосвтнйнавчальнийзаклад3ступдошкльнийнавчальнийзакладрвненська,2018
"Шпанівський навчально-виховний комплекс ""загальноосвітній навчальний заклад І-ІІІ ступенів - дошкільний навчальний заклад"" Рівненської районної ради Рівненської області",навчально-виховний комплекс,24178300,UA56060510010079884,5624689501,village,шпанвськийнавчальновиховнийкомплексзагальноосвтнйнавчальнийзаклад3ступдошкльнийнавчальнийзакладрвненська,"2016, 2017"
"Філія ""Маложитинська початкова школа"" ОЗ ""Шпанівський ліцей Шпанівської сільської ради Рівненської області Рівненського району""",початкова школа,24178300,UA56060510060020594,5624689509,village,флямаложитинськапочатковашколаопорнийзакладшпанвськийлцейшпанвська,2025
"Опорний заклад ""Шпанівський ліцей Шпанівської сільської ради Рівненського району Рівненської області""",ліцей,24178300,UA56060510010079884,5624689501,village,опорнийзакладшпанвськийлцейшпанвська,"2019, 2020, 2021, 2022, 2023, 2024, 2025"
"Комунальний заклад ""Тетіївський загальноосвітній заклад середньої освіти І-ІІІ ступенів №3"" Тетіївської міської ради Київської області",середня загальноосвітня школа,24214875,UA32020210010016577,3224610100,town,тетвськийзагальноосвтнйзакладсередньаосвти3ступ3тетвська,2019
Тетіївська загальноосвітня школа І-ІІІ ступенів №1 Тетіївської районної ради Київської області,середня загальноосвітня школа,24214875,UA32020210010016577,3224610100,town,тетвськазагальноосвтняшкола3ступ1тетвська,"2016, 2017, 2018"
"Комунальний заклад ""Тетіївський заклад загальної середньої освіти І-ІІІ ступенів №1"" Тетіївської міської ради Київської області",середня загальноосвітня школа,24214875,UA32020210010016577,3224610100,town,тетвський3ступ1тетвська,"2019, 2020, 2021, 2022"
Тетіївський ліцей №1 Тетіївської міської ради Київської області,ліцей,24214875,UA32020210010016577,3224610100,town,тетвськийлцей1тетвська,"2023, 2024, 2025"
"Сугарівська філія комунального закладу ""Сахновщинський ліцей №1"" Сахновщинської селищної ради Красноградського району Харківської області",гімназія,24270046,UA63060090530038988,6324855102,village,сугарвськафлясахновщинськийлцей1сахновщинська,2023
"Комунальний заклад ""Сахновщинський ліцей №1 Сахновщинської районної ради Харківської області""",ліцей,24270046,UA63060090010068296,6324855100,urban village,сахновщинськийлцей1сахновщинська,"2020, 2021"
Сахновщинська загальноосвітня школа І-ІІІ ступенів №1 Сахновщинської районної ради Харківської області,середня загальноосвітня школа,24270046,UA63060090010068296,6324855100,urban village,сахновщинськазагальноосвтняшкола3ступ1сахновщинська,"2018, 2019"
Сахновщинська гімназія Сахновщинської районної ради Харківської області,гімназія,24270046,UA63060090010068296,6324855100,urban village,сахновщинськагмназясахновщинська,"2016, 2017"
"Комунальний заклад ""Сахновщинський ліцей №1"" Сахновщинської селищної ради Красноградського району Харківської області",ліцей,24270046,UA63060090010068296,6324855100,urban village,сахновщинськийлцей1сахновщинська,"2022, 2023, 2024"
"Комунальний заклад ""Сахновщинський ліцей №1"" Сахновщинської селищної ради Берестинського району Харківської області",ліцей,24270046,UA63060090010068296,6324855100,urban village,сахновщинськийлцей1сахновщинська,2025
"МИРОНІВСЬКА ФІЛІЯ КОМУНАЛЬНОГО ЗАКЛАДУ ""БІЛЯЇВСЬКИЙ ЛІЦЕЙ"" БІЛЯЇВСЬКОЇ СІЛЬСЬКОЇ РАДИ ЛОЗІВСЬКОГО РАЙОНУ ХАРКІВСЬКОЇ ОБЛАСТІ",гімназія,24271005,UA63100010130094582,6324585001,village,миронвськафляблявськийлцейблявська,2023
Біляївський навчально-виховний комплекс Первомайської районної державної адміністрації Харківської області,навчально-виховний комплекс,24271005,UA63100010010069243,6324587002,settlement,блявськийнавчальновиховнийкомплекспервомайськадержавнаадмнстрац,"2016, 2017"
"Комунальний заклад освіти ""Біляївський ліцей Первомайської районної державної адміністрації Харківської області""",ліцей,24271005,UA63100010010069243,6324587002,settlement,освтиблявськийлцейпервомайськадержавнаадмнстрац,"2019, 2020, 2021"
"КОМУНАЛЬНИЙ ЗАКЛАД ""БІЛЯЇВСЬКИЙ ЛІЦЕЙ"" БІЛЯЇВСЬКОЇ СІЛЬСЬКОЇ РАДИ ЛОЗІВСЬКОГО РАЙОНУ ХАРКІВСЬКОЇ ОБЛАСТІ",ліцей,24271005,UA63100010010069243,6324587002,settlement,блявськийлцейблявська,"2022, 2023, 2024, 2025"
"Біляївський навчально-виховний комплекс ""загальноосвітня школа І-ІІІ ступенів - дошкільний навчальний заклад (ясла-садок)"" Первомайської районної державної адміністрації Харківської області",навчально-виховний комплекс,24271005,UA63100010010069243,6324587002,settlement,блявськийнавчальновиховнийкомплексзагальноосвтняшкола3ступдошкльнийнавчальнийзакладпервомайськадержавнаадмнстрац,2018
Олексіївська загальноосвітня школа I-III ступенів Білгород-Дністровського району Одеської області,середня загальноосвітня школа,24330854,UA51040110060084140,5120884205,village,олексвськазагальноосвтняшкола3ступен,2016
Олексіївський ліцей Краснокутської селищної ради Богодухівського району Харківської області,ліцей,24330854,UA63020090330017109,6323580301,village,олексвськийлцейкраснокутська,"2022, 2023, 2024"
Олексіївська загальноосвітня школа I-III ступенів Краснокутської районної ради Харківської області,середня загальноосвітня школа,24330854,UA63020090330017109,6323580301,village,олексвськазагальноосвтняшкола3ступкраснокутська,"2016, 2017, 2018, 2019, 2020, 2021"
"Комунальний опорний заклад ""Боярський навчально-виховний комплекс ""Дошкільний навчальний заклад - загальноосвітня школа І-ІІІ ступенів"" Лисянської районної ради Черкаської області""",навчально-виховний комплекс,24359711,UA71020190020043152,7122880801,village,боярськийнавчальновиховнийкомплексдошкльнийнавчальнийзакладзагальноосвтняшкола3ступлисянська,2021
"опорний заклад ""Боярський ліцей"" Лисянської селищної ради Черкаської області""",ліцей,24359711,UA71020190020043152,7122880801,village,опорнийзакладбоярськийлцейлисянська,"2023, 2024, 2025"
"Боярський навчально-виховний комплекс ""Дошкільний навчальний заклад - загальноосвітня школа І-ІІІ ступенів"" Лисянської районної ради Черкаської області",навчально-виховний комплекс,24359711,UA71020190020043152,7122880801,village,боярськийнавчальновиховнийкомплексдошкльнийнавчальнийзакладзагальноосвтняшкола3ступлисянська,"2016, 2017, 2018"
"Комунальний опорний заклад ""Боярський навчально-виховний комплекс ""Дошкільний навчальний заклад - загальноосвітня школа І-ІІІ ступенів"" Лисянської районної ради Черкаської області",навчально-виховний комплекс,24359711,UA71020190020043152,7122880801,village,боярськийнавчальновиховнийкомплексдошкльнийнавчальнийзакладзагальноосвтняшкола3ступлисянська,"2019, 2020"
"Чаплинська гімназія - філія опорного закладу ""Боярський ліцей"" Лисянської селищної ради Черкаської області""",гімназія,24359711,UA71020190170017991,7122888001,village,чаплинськагмназяфляопорногозакладубоярськийлцейлисянська,2024
"Комунальний опорний заклад ""Боярський навчально-виховний комплекс ""Загальноосвітня школа І-ІІІ ступенів - дошкільний навчальний заклад"" Лисянської селищної ради Черкаської області""",навчально-виховний комплекс,24359711,UA71020190020043152,7122880801,village,боярськийнавчальновиховнийкомплексзагальноосвтняшкола3ступдошкльнийнавчальнийзакладлисянська,2022
"Приватний вищий навчальний заклад ""Європейський університет"" Львівська філія",вищий навчальний заклад I-II рівнів акредитації,24366800,UA46060250010615203,4610137500,city,приватнийвищийнавчальнийзакладвропейськийунверситетльввськафл,2018
"Приватний вищий навчальний заклад ""Європейський університет""",вищий навчальний заклад III-IV рівнів акредитації,24366800,UA80000000000875983,8038600000,city,приватнийвищийнавчальнийзакладвропейськийунверсите,2025
"Ліцей ""Євроленд"" Приватного вищого навчального закладу ""Європейський університет""",ліцей,24366800,UA80000000000875983,8038600000,city,лцейвролендприватноговищогонавчальногозакладувропейськийунверсите,"2020, 2021, 2022"
"Приватний вищий навчальний заклад ""Європейський університет"" Львівська філія",заклад вищої освіти,24366800,UA46060250010615203,4610137500,city,приватнийвищийнавчальнийзакладвропейськийунверситетльввськафл,"2019, 2020, 2021, 2022"
"Приватний вищий навчальний заклад ""Європейський університет""",заклад фахової передвищої освіти,24366800,UA80000000000875983,8038600000,city,приватнийвищийнавчальнийзакладвропейськийунверсите,2024
"Гімназія ""Євроленд"" Приватного вищого навчального закладу ""Європейський університет""",гімназія,24366800,UA80000000000875983,8038600000,city,гмназявролендприватноговищогонавчальногозакладувропейськийунверсите,"2016, 2017, 2019"
РОСОХАЦЬКА ГІМНАЗІЯ ЧОРТКІВСЬКОЇ МІСЬКОЇ РАДИ ТЕРНОПІЛЬСЬКОЇ ОБЛАСТІ,ліцей,24618911,UA61060430070088102,6110390006,village,росохацькагмназячортквська,2024
РОСОХАЦЬКА ЗАГАЛЬНООСВІТНЯ ШКОЛА І-ІІІ СТУПЕНІВ ЧОРТКІВСЬКОЇ МІСЬКОЇ РАДИ ТЕРНОПІЛЬСЬКОЇ ОБЛАСТІ,середня загальноосвітня школа,24618911,UA61060430070088102,6110390006,village,росохацьказагальноосвтняшкола3ступчортквська,2023
Росохацька загальноосвітня школа І-ІІІ ст.,середня загальноосвітня школа,24618911,UA26080030250071227,2621684301,village,росохацьказагальноосвтняшкола3сту,"2016, 2017, 2018"
Росохацька загальноосвітня школа І - ІІІ ступенів,середня загальноосвітня школа,24618911,UA61060430070088102,6110390006,village,росохацьказагальноосвтняшкола3ступен,"2016, 2017, 2018, 2019, 2020, 2021, 2022"
Вигодська загальноосвітня школа І-ІІІ ступенів,середня загальноосвітня школа,24620799,UA61060290040036218,6120855404,village,вигодськазагальноосвтняшкола3ступен,"2016, 2017, 2018, 2019, 2020, 2021, 2022, 2023"
Вигодська загальноосвітня школа I-III ступенів,середня загальноосвітня школа,24620799,UA26060070010096884,2622055300,urban village,вигодськазагальноосвтняшкола3ступен,"2016, 2017"
Вигодський заклад загальної середньої освіти I-III ступенів Мельнице-Подільської селищної ради Тернопільської області,середня загальноосвітня школа,24620799,UA61060290040036218,6120855404,village,вигодський3ступмельницеподльська,"2024, 2025"
Королівська загальноосвітня школа 1-3 ступенів,середня загальноосвітня школа,24620865,UA26040350180070117,2625610107,village,королвськазагальноосвтняшкола13ступен,2016
Королівська загальноосвітня школа І-ІІІ ступенів,середня загальноосвітня школа,24620865,UA61060050110043265,6120883701,village,королвськазагальноосвтняшкола3ступен,"2016, 2017"
Скалатська загальноосвітня школа І-ІІІ ступенів Підволочиської районної ради Тернопільської області,середня загальноосвітня школа,24621675,UA61040430010057663,6124610500,town,скалатськазагальноосвтняшкола3ступпдволочиська,2016
Скалатська загальноосвітня школа I-III ступенів Скалатської міської ради Підволочиського району Тернопільської області,середня загальноосвітня школа,24621675,UA61040430010057663,6124610500,town,скалатськазагальноосвтняшкола3ступскалатська,2023
Скалатський ліцей Скалатської міської ради Тернопільської області,ліцей,24621675,UA61040430010057663,6124610500,town,скалатськийлцейскалатська,"2024, 2025"
Скалатська загальноосвітня школа І-ІІІ ступенів Скалатської міської ради Підволочиського району Тернопільської області,середня загальноосвітня школа,24621675,UA61040430010057663,6124610500,town,скалатськазагальноосвтняшкола3ступскалатська,"2017, 2018, 2019, 2020, 2021, 2022"
Теклівська філія Скалатського ліцею Скалатської міської ради Тернопільської області,початкова школа,24621675,UA61040430150045989,6124610514,village,теклвськафляскалатськоголцеюскалатська,2024
Орільська загальноосвітня школа І-ІІІ ступенів Лозівської районної ради Харківської області,середня загальноосвітня школа,24676096,UA63100050030074292,6323955700,urban village,орльськазагальноосвтняшкола3ступлозвська,2018
Орільський начально-виховний комплекс Лозівської районної ради,навчально-виховний комплекс,24676096,UA63100050030074292,6323955700,urban village,орльськийначальновиховнийкомплекслозвська,"2016, 2017"
Комунальний заклад «Орільський ліцей» Лозівської міської ради Харківської області,ліцей,24676096,UA63100050030074292,6323955700,urban village,орльськийлцейлозвська,"2021, 2022, 2023, 2024, 2025"
Орільський ліцей Лозівської районної ради Харківської області,середня загальноосвітня школа,24676096,UA63100050030074292,6323955700,urban village,орльськийлцейлозвська,2019
Орільська загальноосвітня школа І-ІІІ ступенів Лозівської районної ради,середня загальноосвітня школа,24676096,UA63100050030074292,6323955700,urban village,орльськазагальноосвтняшкола3ступлозвська,2016
Орільський ліцей Лозівської районної ради Харківської області,ліцей,24676096,UA63100050030074292,6323955700,urban village,орльськийлцейлозвська,2020
"Комунальний заклад ""Ліцей ""Муніципальний колегіум"" Кропивницької міської ради""",ліцей,24715293,UA35040210010286392,3510136300,city,лцеймунципальнийколегумкропивницька,"2023, 2024, 2025"
"Навчально-виховний комплекс ""Кіровоградський колегіум - спеціалізований загальносвітній навчальний заклад І-ІІІ ступенів - дошкільний навчальний заклад - центр естетичного виховання"" Кіровоградської міської ради Кіровоградської області",навчально-виховний комплекс,24715293,UA35040210010286392,3510136300,city,навчальновиховнийкомплекскровоградськийколегумспецалзованийзагальносвтнйнавчальнийзаклад3ступдошкльнийнавчальнийзакладцентрестетичноговихованякровоградська,"2016, 2017, 2018, 2019, 2020, 2021, 2022"
"Комунальний заклад ""Навчально-виховне об'єднання ""Загальноосвітній навчальний заклад І-ІІІ ступенів № 16-дитячо-юнацький центр ""Лідер"""" Кіровоградської міської ради Кіровоградської області",навчально-виховне об'єднання,24715293,UA35040210010145346,3510136600,city,навчальновиховнеобднанязагальноосвтнйнавчальнийзаклад3ступ16дитячоюнацькийцентрлдеркровоградська,"2018, 2019, 2020, 2021, 2022"
"Комунальний заклад ""Навчально-виховне об'єднання ""Загальноосвітній навчальний заклад І-ІІІ ступенів № 16-дитячо-юнацький центр ""Лідер"""" Кіровоградської міської ради Кіровоградської області",навчально-виховний комплекс,24715293,UA35040210010145346,3510136600,city,навчальновиховнеобднанязагальноосвтнйнавчальнийзаклад3ступ16дитячоюнацькийцентрлдеркровоградська,"2016, 2017"
Любимівська загальноосвітня школа І-ІІІ ступенів Вишгородського району Київської області,середня загальноосвітня школа,24750556,UA32100030190019385,3221884801,village,любимвськазагальноосвтняшкола3ступен,"2016, 2017"
Любимівська загальноосвітня школа I-III ступенів Іванівської районної ради Херсонської області,середня загальноосвітня школа,24750556,UA65040030110034404,6522982401,village,любимвськазагальноосвтняшкола3ступванвська,2016
Любимівська загальноосвітня школа I-III ступенів,середня загальноосвітня школа,24750556,UA65040030110034404,6522982401,village,любимвськазагальноосвтняшкола3ступен,2018
Садівська загальноосвітня школа I-III ступенів Білозерської районної ради Херсонської області,середня загальноосвітня школа,24758084,UA65100150080051777,6520386001,village,садвськазагальноосвтняшкола3ступблозерська,"2016, 2017, 2019, 2020, 2021"
Садівський заклад повної загальної середньої освіти I-III ступенів Чулаківської сільської ради Голопристанського району Херсонської області,середня загальноосвітня школа,24758084,UA65080170130041539,6522385001,settlement,садвськийзакладповназагальнасередньаосвти3ступчулаквська,2021
Загальноосвітня школа І - ІІІ ступенів с. Романівка Ананьївського району Одеської області,середня загальноосвітня школа,24778036,UA51120010240065846,5120285001,village,загальноосвтняшкола3ступсроманвк,"2016, 2017, 2018, 2019"
"Ананьївський навчально - виховний комплекс ""Загальноосвітня школа І - ІІІ ступенів - гімназія - дошкільний навчальний заклад"" Ананьївської районної ради Одеської області",навчально-виховний комплекс,24778036,UA51120010010049617,5120210100,town,ананьвськийнавчальновиховнийкомплексзагальноосвтняшкола3ступгмназядошкльнийнавчальнийзакладананьвська,"2019, 2020"
"Комунальна установа ""Ананьївський ліцей №1 Ананьївської міської ради""",навчально-виховний комплекс,24778036,UA51120010010049617,5120210100,town,ананьвськийлцей1ананьвська,2021
"Навчально - виховний комплекс ""Загальноосвітня школа І - ІІІ ступенів - гімназія"" м. Ананьїв Одеської області",навчально-виховний комплекс,24778036,UA51120010010049617,5120210100,town,навчальновиховнийкомплексзагальноосвтняшкола3ступгмназяманань,"2016, 2017, 2018"
"Комунальна установа ""Ананьївський ліцей №1 Ананьївської міської ради""",ліцей,24778036,UA51120010010049617,5120210100,town,ананьвськийлцей1ананьвська,"2022, 2023, 2024, 2025"
Український заклад загальної середньої освіти I-III ступенів Коблівської сільської ради Миколаївської області,середня загальноосвітня школа,24781031,UA48060090110069959,4820982209,village,укранський3ступкоблвська,2022
Український заклад загальної середньої освіти I-III ступенів Коблівської сільської ради Березанського району Миколаївської області,середня загальноосвітня школа,24781031,UA48060090110069959,4820982209,village,укранський3ступкоблвська,"2019, 2021"
Українська загальноосвітня школа І-ІІІ ступенів,середня загальноосвітня школа,24781031,UA12060010200045542,1220310101,settlement,укранськазагальноосвтняшкола3ступен,"2016, 2017, 2018, 2019, 2020, 2021"
Українська загальноосвітня школа I-III ступенів Березанської районної ради Миколаївської області,середня загальноосвітня школа,24781031,UA48060090110069959,4820982209,village,укранськазагальноосвтняшкола3ступберезанська,2017
Червоноукраїнська загальноосвітня школа I-III ступенів Березанської районної ради Миколаївської області,середня загальноосвітня школа,24781031,UA48060090110069959,4820982209,village,червоноукранськазагальноосвтняшкола3ступберезанська,2016
Український ліцей Коблівської сільської ради,ліцей,24781031,UA48060090110069959,4820982209,village,укранськийлцейкоблвська,2024
Тростянецький заклад загальної середньої освіти І-ІІІ ст. № 1 Тростянецької селищної ради Вінницької області,середня загальноосвітня школа,24903149,UA05040250010017575,0524155100,urban village,тростянецький3ступ1тростянецька,2020
Ліцей смт Тростянець Тростянецької селищної ради Вінницької області,ліцей,24903149,UA05040250010017575,0524155100,urban village,лцейсмттростянецьтростянецька,"2023, 2024"
Тростянецький ліцей Тростянецької селищної ради Вінницької області,ліцей,24903149,UA05040250010017575,0524155100,urban village,тростянецькийлцейтростянецька,2025
"Навчально-виховний комплекс ""Середня загальноосвітня школа І-ІІІ ступенів №1-гімназія"" смт.Тростянець",навчально-виховний комплекс,24903149,UA05040250010017575,0524155100,urban village,навчальновиховнийкомплекссереднязагальноосвтняшкола3ступ1гмназясмттростянец,"2018, 2019"
"Опорний заклад освіти ""Тростянецький заклад загальної середньої освіти І-ІІІ ступенів № 1 Тростянецької селищної ради Вінницької області""",середня загальноосвітня школа,24903149,UA05040250010017575,0524155100,urban village,опорнийзакладосвтитростянецький3ступ1тростянецька,"2021, 2022"
Тростянецька Філія №1 І-ІІ ступенів Закладу загальної середньої освіти І-ІІІ ступенів - закладу дошкільної освіти № 5 Тростянецької міської ради,середня загальноосвітня школа,24903149,UA59040130010060037,5925010100,town,тростянецькафля12ступзакладузагальнасередньаосвти3ступзакладудошкльнаосвти5тростянецька,2024
"Навчально-виховний комплекс ""Середня загальноосвітня школа І-ІІІ ступенів №1-гімназія"" смт.Тростянця",навчально-виховний комплекс,24903149,UA05040250010017575,0524155100,urban village,навчальновиховнийкомплекссереднязагальноосвтняшкола3ступ1гмназясмттростянц,"2016, 2017"
Калінінська загальноосвітня школа I-III ступенів Великоолександрівського району Херсонської області,середня загальноосвітня школа,24951544,UA65020090010062154,6520955700,urban village,калннськазагальноосвтняшкола3ступен,2016
Калинівська загальноосвітня школа I-III ступенів,середня загальноосвітня школа,24951544,UA51020110070071199,5121881401,village,калинвськазагальноосвтняшкола3ступен,"2016, 2017"
Фрунзенська загальноосвітня школа I-III ступенів Генічеської районної ради Херсонської області,середня загальноосвітня школа,24955519,UA65040010040011142,6522187001,village,фрунзенськазагальноосвтняшкола3ступгенчеська,"2016, 2017, 2018, 2019, 2020"
Азовський заклад загальної середньої освіти Генічеської міської ради,середня загальноосвітня школа,24955519,UA65040010040011142,6522187001,village,азовськийгенчеська,2021
Азовський ліцей Генічеської міської ради,середня загальноосвітня школа,24955519,UA65040010040011142,6522187001,village,азовськийлцейгенчеська,2022
Фрунзенська загальноосвітня школа I-III ступенів Іванівського району Херсонської області,середня загальноосвітня школа,24955519,UA65040030020041290,6522987001,village,фрунзенськазагальноосвтняшкола3ступен,2016
"Комунальний заклад ""Козачелагерський опорний заклад освіти"" Олешківської міської ради",середня загальноосвітня школа,24958423,UA65100110020072018,6525081501,village,козачелагерськийопорнийзакладосвтиолешквська,"2022, 2025"
"Кринківська гімназія - філія КЗ ""Козачелагерський опорний заклад освіти"" Олешківської міської ради",гімназія,24958423,UA65100110040070147,6525081502,village,кринквськагмназяфлякозачелагерськийопорнийзакладосвтиолешквська,2023
"Комунальний заклад ""Козачелагерська загальноосвітня школа І-ІІІ ступенів"" Олешківської міської ради",середня загальноосвітня школа,24958423,UA65100110020072018,6525081501,village,козачелагерськазагальноосвтняшкола3ступолешквська,2021
Козачелагерська загальноосвітня школа І-ІІІ ступенів Олешківської районної ради Херсонської області,середня загальноосвітня школа,24958423,UA65100110020072018,6525081501,village,козачелагерськазагальноосвтняшкола3ступолешквська,"2017, 2018, 2019, 2020"
"Комунальний заклад ""Козачелагерський опорний заклад освіти"" Олешківської міської ради",ліцей,24958423,UA65100110020072018,6525081501,village,козачелагерськийопорнийзакладосвтиолешквська,"2023, 2024"
Козачелагерська загальноосвітня школа І-ІІІ ступенів Цюрупинської районної ради Херсонської області,середня загальноосвітня школа,24958423,UA65100110020072018,6525081501,village,козачелагерськазагальноосвтняшкола3ступцюрупинська,2016
"Товариство з обмеженою відповідальністю ""Приватна середня загальноосвітня школа №5""",середня загальноосвітня школа,24985012,UA12020010010816623,1210136600,city,приватнасереднязагальноосвтняшкола5,"2016, 2017, 2018, 2019, 2020, 2021, 2022, 2023, 2025"
Середня загальноосвітня школа №5,середня загальноосвітня школа,24985012,UA80000000000624772,8038200000,city,середнязагальноосвтняшкола5,"2018, 2019, 2020, 2021, 2022"
ЯКОВЛІВСЬКИЙ ОПОРНИЙ ЗАКЛАД ЗАГАЛЬНОЇ СЕРЕДНЬОЇ ОСВІТИ СТЕПАНІВСЬКОЇ СІЛЬСЬКОЇ РАДИ РОЗДІЛЬНЯНСЬКОГО РАЙОНУ ОДЕСЬКОЇ ОБЛАСТІ,середня загальноосвітня школа,25038104,UA51140150200063876,5123986401,village,яковлвськийопорнийстепанвська,"2023, 2024"
Яковлівський опорний заклад загальної середньої освіти Степанівської сільської ради Роздільнянського району Одеської області,ліцей,25038104,UA51140150200063876,5123986401,village,яковлвськийопорнийстепанвська,2022
"Загальноосвітня школа I-III ступенів с. Яковлівка Роздільнянського району Одеської області
",середня загальноосвітня школа,25038104,UA51140150200063876,5123986401,village,загальноосвтняшкола3ступсяковлвк,2016
Яковлівський опорний ліцей Степанівської сільської ради Роздільнянського району Одеської області,ліцей,25038104,UA51140150200063876,5123986401,village,яковлвськийопорнийлцейстепанвська,2025
Марківська філія Яковлівського опорного закладу загальної середньої освіти Степанівської сільської ради Роздільнянського району Одеської області,середня загальноосвітня школа,25038104,UA51140150090049172,5123983901,village,марквськафляяковлвськогоопорногозакладузагальнасередньаосвтистепанвська,2024
"Гаївська філія ""Початкова школа-заклад дошкільної освіти"" Яковлівського опорного закладу загальної середньої освіти Степанівської сільської ради Роздільнянського району Одеської області",початкова школа,25038104,UA51140150050060575,5123981101,village,гавськафляпочатковашколазакладдошкльнаосвтияковлвськогоопорногозакладузагальнасередньаосвтистепанвська,2025
Яковлівська загальноосвітня школа I-III ступенів Роздільнянської районної ради Одеської області,середня загальноосвітня школа,25038104,UA51140150200063876,5123986401,village,яковлвськазагальноосвтняшкола3ступроздльнянська,"2018, 2019, 2020"
Яковлівська загальноосвітня школа I-III ступенів Степанівської сільської ради Роздільнянського району Одеської області,середня загальноосвітня школа,25038104,UA51140150200063876,5123986401,village,яковлвськазагальноосвтняшкола3ступстепанвська,2021
Яковлівська загальноосвітня школа I-III ступенів  Роздільнянської районної ради Одеської області,середня загальноосвітня школа,25038104,UA51140150200063876,5123986401,village,яковлвськазагальноосвтняшкола3ступроздльнянська,2017
"Опорний навчальний заклад ""Загальноосвітня школа І-ІІІ ступенів с. Пнівне"" Камінь-Каширського району Волинської області",середня загальноосвітня школа,25086592,UA07040010440021216,0721486201,village,опорнийнавчальнийзакладзагальноосвтняшкола3ступспнвн,"2019, 2020"
"Опорний заклад загальної середньої освіти ""Пнівненський ліцей"" Камінь-Каширської міської ради Волинської області",ліцей,25086592,UA07040010440021216,0721486201,village,опорнийпнвненськийлцейкамнькаширська,"2021, 2022, 2023, 2024, 2025"
Загальноосвітня школа І-ІІІ ступенів села Пнівне Камінь-Каширського району Волинської області,середня загальноосвітня школа,25086592,UA07040010440021216,0721486201,village,загальноосвтняшкола3ступспнвн,2016
"Опорний навчальний заклад ""загальноосвітня школа І-ІІІ ступенів с. Пнівне"" Камінь-Каширського району Волинської області",середня загальноосвітня школа,25086592,UA07040010440021216,0721486201,village,опорнийнавчальнийзакладзагальноосвтняшкола3ступспнвн,"2017, 2018"
"Волицька початкова школа -філія опорного закладу загальної середньої освіти ""Пнівненський ліцей"" Камінь-Каширської міської ради Волинської області",початкова школа,25086592,UA07040010120022153,0721486203,village,волицькапочатковашколафляопорногозакладузагальнасередньаосвтипнвненськийлцейкамнькаширська,2025
"Шацька філія опорного закладу ""Шацький ліцей"" Шацької селищної ради Волинської області",гімназія,25093439,UA07060450010076290,0725755100,urban village,шацькафляопорногозакладушацькийлцейшацька,"2023, 2024, 2025"
"Опорний заклад загальної середньої освіти І-ІІІ ступенів ""Шацький ліцей"" Шацької селищної ради Ковельського району Волинської області",ліцей,25093439,UA07060450010076290,0725755100,urban village,опорний3ступшацькийлцейшацька,2022
"Опорний заклад ""Шацький ліцей"" Шацької селищної ради Волинської області",ліцей,25093439,UA07060450010076290,0725755100,urban village,опорнийзакладшацькийлцейшацька,"2023, 2024, 2025"
"Опорний заклад навчально-виховний комплекс ""Загальноосвітня школа І-ІІІ ступенів-гімназія"" смт Шацьк Шацької селищної ради Шацького району Волинської області",середня загальноосвітня школа,25093439,UA07060450010076290,0725755100,urban village,опорнийзакладнавчальновиховнийкомплексзагальноосвтняшкола3ступгмназясмтшацькшацька,"2018, 2019, 2020, 2021"
"Навчально-виховний комплекс ""Загальноосвітня школа І-ІІІ ступенів-гімназія смт Шацьк""",середня загальноосвітня школа,25093439,UA07060450010076290,0725755100,urban village,навчальновиховнийкомплексзагальноосвтняшкола3ступгмназясмтшаць,2017
Загальноосвітня школа І-ІІІ ступеня смт Шацьк Шацького району Волинської області,середня загальноосвітня школа,25093439,UA07060450010076290,0725755100,urban village,загальноосвтняшкола3ступсмтшаць,2016
Академічний ліцей імені братів Шеметів Лубенської міської ради Лубенського району Полтавської області,ліцей,25165950,UA53040030010081016,5310700000,town,академчнийлцейменбратвшеметвлубенська,"2024, 2025"
Лубенська загальноосвітня школа І-ІІІ ступенів №2 Лубенської міської ради Полтавської області,середня загальноосвітня школа,25165950,UA53040030010081016,5310700000,town,лубенськазагальноосвтняшкола3ступ2лубенська,"2016, 2017, 2018, 2019, 2020, 2021, 2022, 2023"
Авіакосмічний ліцей №2 Національного авіаційного університету (м. Київ),ліцей,25165950,UA53040030010081016,5310700000,town,авакосмчнийлцей2нацональногоавацйногоунверситет,"2016, 2017, 2018"
"Комунальний заклад ""Володарська загальноосвітня школа І-ІІІ ступенів № 1"" Володарської районної ради Київської області",середня загальноосвітня школа,25294847,UA32020030010057420,3221655100,urban village,володарськазагальноосвтняшкола3ступ1володарська,2021
ВОЛОДАРСЬКИЙ ЛІЦЕЙ ВОЛОДАРСЬКОЇ СЕЛИЩНОЇ РАДИ,ліцей,25294847,UA32020030010057420,3221655100,urban village,володарськийлцейволодарська,"2023, 2024, 2025"
"Опорний заклад освіти ""Володарський заклад загальної середньої освіти I-III ступенів №1 Володарської селищної ради Білоцерківського району Київської області""",ліцей,25294847,UA32020030010057420,3221655100,urban village,опорнийзакладосвтиволодарський3ступ1володарська,2022
"КОМУНАЛЬНИЙ ЗАКЛАД ""ВОЛОДАРСЬКА ЗАГАЛЬНООСВІТНЯ ШКОЛА I-III СТУПЕНІВ № 1"" ВОЛОДАРСЬКОЇ РАЙОННОЇ РАДИ КИЇВСЬКОЇ ОБЛАСТІ",середня загальноосвітня школа,25294847,UA32020030010057420,3221655100,urban village,володарськазагальноосвтняшкола3ступ1володарська,"2017, 2018, 2019, 2020"
Володарський ліцей Володарського району Київської області,ліцей,25294847,UA32020030010057420,3221655100,urban village,володарськийлце,2016
Володарська загальноосвітня школа І-ІІІ ступенів №1 Володарського району Київської області,середня загальноосвітня школа,25294847,UA32020030010057420,3221655100,urban village,володарськазагальноосвтняшкола3ступ1,2016
Гоголівський ліцей Великодимерської селищної ради Броварського району Київської області (філія),ліцей,25299425,UA32060070060012985,3221281601,village,гоголвськийлцейвеликодимерська,2023
"Комунальний заклад ""Гоголівське навчальне-виховне об'єднання ""Опорний заклад загальної середньої освіти - заклад дошкільної освіти - заклад позашкільної освіти"" Великодимерської селищної ради Броварського району Київської області",середня загальноосвітня школа,25299425,UA32060070060012985,3221281601,village,гоголвськенавчальневиховнеобднаняопорнийзакладдошкльнаосвтизакладпозашкльнаосвтивеликодимерська,2021
Гоголівський ліцей Великодимерської селищної ради Броварського району Київської області,ліцей,25299425,UA32060070060012985,3221281601,village,гоголвськийлцейвеликодимерська,"2023, 2024, 2025"
"Комунальний заклад ""Гоголівське навчально-виховне об'єднання ""Опорний заклад загальної середньої освіти - заклад дошкільної освіти - заклад позашкільної освіти"" Великодимерської селищної ради Броварського району Київської області",навчально-виховне об'єднання,25299425,UA32060070060012985,3221281601,village,гоголвськенавчальновиховнеобднаняопорнийзакладдошкльнаосвтизакладпозашкльнаосвтивеликодимерська,2022
Гоголівська загальноосвітня школа І-ІІІ ступенів Броварського району Київської області,середня загальноосвітня школа,25299425,UA32060070060012985,3221281601,village,гоголвськазагальноосвтняшкола3ступен,2016
Гоголівська загальноосвітня школа І-ІІІ ступенів,середня загальноосвітня школа,25299425,UA32060070060012985,3221281601,village,гоголвськазагальноосвтняшкола3ступен,2017
Опорний навчальний заклад Гоголівська загальноосвітня школа І-ІІІ ступенів Броварського району Київської області,середня загальноосвітня школа,25299425,UA32060070060012985,3221281601,village,опорнийнавчальнийзакладгоголвськазагальноосвтняшкола3ступен,"2018, 2019, 2020"
Красилівська загальноосвітня школа І-ІІІ ступенів,середня загальноосвітня школа,25300950,UA18080210110097685,1824086808,village,красилвськазагальноосвтняшкола3ступен,"2016, 2017, 2019, 2020, 2021"
КРАСИЛІВСЬКИЙ ЛІЦЕЙ КАЛИНІВСЬКОЇ СЕЛИЩНОЇ РАДИ БРОВАРСЬКОГО РАЙОНУ КИЇВСЬКОЇ ОБЛАСТІ,середня загальноосвітня школа,25300950,UA32060130030075962,3221284401,village,красилвськийлцейкалинвська,2023
Красилівська загальноосвітня школа І-ІІІ ступенів Броварського району Київської області,середня загальноосвітня школа,25300950,UA32060130030075962,3221284401,village,красилвськазагальноосвтняшкола3ступен,"2016, 2017, 2018, 2019, 2020, 2021"
Красилівський заклад загальної середньої освіти Калинівської селищної ради Броварського району Київської області,ліцей,25300950,UA32060130030075962,3221284401,village,красилвськийкалинвська,2022
Красилівський ліцей Калинівської селищної ради Броварського району Київської області,ліцей,25300950,UA32060130030075962,3221284401,village,красилвськийлцейкалинвська,"2024, 2025"
Підгаєцька загальноосвітня школа І-ІІІ ступенів,середня загальноосвітня школа,25318298,UA61040370010042063,6124810100,town,пдгацьказагальноосвтняшкола3ступен,"2016, 2017"
Підгаєцький ліцей Млинівської селищної ради Дубенського району Рівненської області,середня загальноосвітня школа,25318298,UA56040190290025296,5623887101,village,пдгацькийлцеймлинвська,2022
Підгаєцький ліцей Млинівської селищної ради Рівненської області,середня загальноосвітня школа,25318298,UA56040190290025296,5623887101,village,пдгацькийлцеймлинвська,2021
Підгаєцька загальноосвітня школа І-ІІІ ступенів Млинівської районної ради Рівненської області,середня загальноосвітня школа,25318298,UA56040190290025296,5623887101,village,пдгацьказагальноосвтняшкола3ступмлинвська,"2016, 2017, 2018, 2019, 2020"
Підгаєцький ліцей Млинівської селищної ради Дубенського району Рівненської області,ліцей,25318298,UA56040190290025296,5623887101,village,пдгацькийлцеймлинвська,"2023, 2024"
Торговицька загальноосвітня школа І-ІІІ ступенів,середня загальноосвітня школа,25318967,UA26080150170039364,2623287401,village,торговицьказагальноосвтняшкола3ступен,"2016, 2017, 2018"
"Комунальний заклад ""Торговицький навчально-виховний комплекс: дошкільний навчальний заклад - загальноосвітня школа І-ІІІ ступенів"" Підлозцівської сільської ради Млинівського району Рівненської області",середня загальноосвітня школа,25318967,UA56040230090051289,5623886709,village,торговицькийнавчальновиховнийкомплексдошкльнийнавчальнийзакладзагальноосвтняшкола3ступпдлозцвська,"2016, 2017, 2018, 2019, 2020, 2021"
Савранський ліцей Савранської селищної ради Одеської області,середня загальноосвітня школа,25424698,UA51120210010092672,5124355100,urban village,савранськийлцейсавранська,2023
"Опорний навчальний заклад-Савранський навчально-виховний комплекс ""Загальноосвітня школа І-ІІІ ступенів-дошкільний навчальний заклад""",навчально-виховний комплекс,25424698,UA51120210010092672,5124355100,urban village,опорнийнавчальнийзакладсавранськийнавчальновиховнийкомплексзагальноосвтняшкола3ступдошкльнийнавчальнийзакла,"2019, 2020"
САВРАНСЬКИЙ ЛІЦЕЙ САВРАНСЬКОЇ СЕЛИЩНОЇ РАДИ ОДЕСЬКОЇ ОБЛАСТІ,середня загальноосвітня школа,25424698,UA51120210010092672,5124355100,urban village,савранськийлцейсавранська,"2024, 2025"
"Савранська загальноосвітня школа I-III ступенів Савранської районної ради
",середня загальноосвітня школа,25424698,UA51120210010092672,5124355100,urban village,савранськазагальноосвтняшкола3ступсавранська,2016
Савранська загальноосвітня школа I-III ступенів Савранської районної ради,середня загальноосвітня школа,25424698,UA51120210010092672,5124355100,urban village,савранськазагальноосвтняшкола3ступсавранська,"2017, 2018"
Савранський опорний заклад загальної середньої освіти Савранської селищної ради Одеської області,навчально-виховний комплекс,25424698,UA51120210010092672,5124355100,urban village,савранськийопорнийсавранська,2021
"Дубинівський навчально-виховний комплекс ""Загальноосвітня школа I-III ступенів - дошкільний навчальний заклад"" Савранської районної ради",навчально-виховний комплекс,25424698,UA51120210080028291,5124380901,village,дубинвськийнавчальновиховнийкомплексзагальноосвтняшкола3ступдошкльнийнавчальнийзакладсавранська,2017
Савранський опорний заклад загальної середньої освіти Савранської селищної ради Одеської області,ліцей,25424698,UA51120210010092672,5124355100,urban village,савранськийопорнийсавранська,2022
"Преображенський навчально-виховний комплекс ""Загальноосвітня школа I-III ступенів-дошкільний навчальний заклад"" Ширяївської районної ради Одеської області",навчально-виховний комплекс,25429371,UA51020250130059973,5125486006,village,преображенськийнавчальновиховнийкомплексзагальноосвтняшкола3ступдошкльнийнавчальнийзакладширявська,2020
"Преображенський навчально-виховний комплекс ""Загальноосвітня школа I-III ступенів-дошкільний навчальний заклад"" Ширяївської районної ради Одеської області
",середня загальноосвітня школа,25429371,UA51020250130059973,5125486006,village,преображенськийнавчальновиховнийкомплексзагальноосвтняшкола3ступдошкльнийнавчальнийзакладширявська,2016
"Преображенський навчально-виховний комплекс ""Загальноосвітня школа І-ІІІ ступенів-дошкільний навчальний заклад""",середня загальноосвітня школа,25429371,UA12080130260085804,1225455123,village,преображенськийнавчальновиховнийкомплексзагальноосвтняшкола3ступдошкльнийнавчальнийзакла,"2018, 2019, 2020"
"Преображенський навчально-виховний комплекс ""Загальноосвітня школа I-III ступенів-дошкільний навчальний заклад"" Ширяївської районної ради Одеської області",середня загальноосвітня школа,25429371,UA51020250130059973,5125486006,village,преображенськийнавчальновиховнийкомплексзагальноосвтняшкола3ступдошкльнийнавчальнийзакладширявська,"2017, 2018, 2019"
"Савинський навчально-виховний комплекс ""загальноосвітній навчальний заклад І-ІІІ ступенів - дошкільний навчальний заклад"" Балаклійської районної ради Харківської області",навчально-виховний комплекс,25457539,UA63040150010069203,6320255700,urban village,савинськийнавчальновиховнийкомплексзагальноосвтнйнавчальнийзаклад3ступдошкльнийнавчальнийзакладбалаклйська,"2016, 2017, 2018"
"Комунальний заклад ""Савинський ліцей Балаклійської районної ради Харківської області""",ліцей,25457539,UA63040150010069203,6320255700,urban village,савинськийлцейбалаклйська,"2019, 2020, 2021"
Савинський ліцей Cавинської селищної ради Ізюмського району Харківської області,ліцей,25457539,UA63040150010069203,6320255700,urban village,савинськийлцейсавинська,2022
Савинський ліцей Савинської селищної ради Ізюмського району Харківської області,ліцей,25457539,UA63040150010069203,6320255700,urban village,савинськийлцейсавинська,"2023, 2024, 2025"
Савинська загальноосвітня школа I-III ступенів №1 Балаклійської районної ради Харківської області,середня загальноосвітня школа,25457539,UA63040150010069203,6320255700,urban village,савинськазагальноосвтняшкола3ступ1балаклйська,"2016, 2017, 2018"
Дворічанський ліцей Дворічанської селищної ради Куп’янського району Харківської області,ліцей,25463876,UA63080050010081319,6321855100,urban village,дворчанськийлцейдворчанська,2022
Дворічанський ліцей Дворічанської селищної ради Куп'янського району Харківської області,ліцей,25463876,UA63080050010081319,6321855100,urban village,дворчанськийлцейдворчанська,"2024, 2025"
Дворічанська загальноосвітня школа I-III ступенів Дворічанської районної ради Харківської області,середня загальноосвітня школа,25463876,UA63080050010081319,6321855100,urban village,дворчанськазагальноосвтняшкола3ступдворчанська,"2016, 2017, 2018, 2019"
Дворічанський ліцей Дворічанської районної ради Харківської області,ліцей,25463876,UA63080050010081319,6321855100,urban village,дворчанськийлцейдворчанська,"2016, 2017, 2018, 2019, 2020, 2021"
філія «Качківська гімназія» Довжоцького ліцею Ямпільської міської ради Вінницької області,середня загальноосвітня школа,25512706,UA05080110150072257,0525682801,village,флякачквськагмназядовжоцькоголцеюямпльська,2024
"Опорний навчальний заклад ""Заклад загальної середньої освіти I-III ступенів с. Довжок Ямпільського району Вінницької області""",середня загальноосвітня школа,25512706,UA05080110120070729,0525682401,village,опорнийнавчальнийзаклад3ступсдовжо,"2019, 2020, 2021"
"Опорний навчальний заклад ""Заклад загальної середньої освіти I-III ступенів с. Довжок Ямпільської міської ради Вінницької області""",ліцей,25512706,UA05080110120070729,0525682401,village,опорнийнавчальнийзаклад3ступсдовжокямпльська,"2022, 2023"
Загальноосвітня школа I-III ступенів с. Довжок,середня загальноосвітня школа,25512706,UA05080110120070729,0525682401,village,загальноосвтняшкола3ступсдовжо,"2016, 2017, 2018"
Довжоцький ліцей Ямпільської міської ради Вінницької області,середня загальноосвітня школа,25512706,UA05080110120070729,0525682401,village,довжоцькийлцейямпльська,"2024, 2025"
"Іванівський навчально-виховний комплекс ""Загальноосвітня школа І-ІІІ ступенів-дитячий садок"" Білоцерківського району Київської області",середня загальноосвітня школа,25566346,UA32020230060015686,3220410504,village,ванвськийнавчальновиховнийкомплексзагальноосвтняшкола3ступдитячийсадо,2016
"Іванівський навчально-виховний комплекс ""Загальноосвітня школа І-ІІІ ступенів - заклад дошкільної освіти""Узинської міської ради Київської області",навчально-виховний комплекс,25566346,UA32020230060015686,3220410504,village,ванвськийнавчальновиховнийкомплексзагальноосвтняшкола3ступзакладдошкльнаосвтиузинська,"2019, 2020, 2021, 2022"
Іванівський ліцей Узинської міської ради Київської області,ліцей,25566346,UA32020230060015686,3220410504,village,ванвськийлцейузинська,"2024, 2025"
"Малоантонівське навчально-виховне об""єднання ""Загальноосвітня школа І-ІІІ ступенів - дитячий садок"" Білоцерківського району Київської області",навчально-виховний комплекс,25566346,UA32020230110031716,3220410507,village,малоантонвськенавчальновиховнеобднанязагальноосвтняшкола3ступдитячийсадо,2016
"Іванівський навчально-виховний комплекс ""Загальноосвітня школа І-ІІІ ступенів-дитячий садок"" Білоцерківського району Київської області",навчально-виховний комплекс,25566346,UA32020230060015686,3220410504,village,ванвськийнавчальновиховнийкомплексзагальноосвтняшкола3ступдитячийсадо,"2017, 2018"
Довгалівська загальноосвітня школа I-III ступенів Талалаївської районної ради Чернігівської області,середня загальноосвітня школа,25571689,UA74080190100086345,7425385502,village,довгалвськазагальноосвтняшкола3ступталалавська,"2016, 2018, 2020, 2021"
Довгалівська загальноосвітня школа I-III ступенів,середня загальноосвітня школа,25571689,UA68060350050066066,6820383001,village,довгалвськазагальноосвтняшкола3ступен,"2016, 2017, 2018"
Липівська загальноосвітня школа I-III ступенів,середня загальноосвітня школа,25571703,UA05100130150080174,0523982601,village,липвськазагальноосвтняшкола3ступен,"2017, 2018"
Липівський заклад загальної середньої освіти I-III ступенів Талалаївської селищної ради Прилуцького району Чернігівської області,ліцей,25571703,UA74080190180098485,7425355109,village,липвський3ступталалавська,2022
Липівська загальноосвітня школа I-III ступенів Талалаївської селищної ради Чернігівської області,середня загальноосвітня школа,25571703,UA74080190180098485,7425355109,village,липвськазагальноосвтняшкола3ступталалавська,"2018, 2019, 2020, 2021"
Липівська загальноосвітня школа I-III ступенів Талалаївської районної ради Чернігівської області,середня загальноосвітня школа,25571703,UA74080190180098485,7425355109,village,липвськазагальноосвтняшкола3ступталалавська,"2016, 2017"
Липівський заклад загальної середньої освіти І-ІІІ ступенів Талалаївської селищної ради Прилуцького району Чернігівської області,середня загальноосвітня школа,25571703,UA74080190180098485,7425355109,village,липвський3ступталалавська,"2023, 2024, 2025"
Великоолександрівська загальноосвітня школа І-ІІІ ступенів № 1,середня загальноосвітня школа,25645028,UA65020050010075556,6520955100,urban village,великоолександрвськазагальноосвтняшкола3ступ1,"2021, 2022, 2023"
Великоолександрівська загальноосвітня школа I-III ступенів №1,середня загальноосвітня школа,25645028,UA65020050010075556,6520955100,urban village,великоолександрвськазагальноосвтняшкола3ступ1,"2024, 2025"
Великоолександрівська загальноосвітня школа І-ІІІ ступенів № 1 смт.Велика Олександрівка Херсонської області,середня загальноосвітня школа,25645028,UA65020050010075556,6520955100,urban village,великоолександрвськазагальноосвтняшкола3ступ1смтвеликаолександрвк,"2016, 2017, 2018, 2019, 2020"
Великокостромська загальноосвітня школа І-ІІІ ступенів,середня загальноосвітня школа,25645028,UA12060130020047187,1220310302,village,великокостромськазагальноосвтняшкола3ступен,"2016, 2017, 2018"
СТРИЖАВСЬКИЙ ЗАКЛАД ЗАГАЛЬНОЇ СЕРЕДНЬОЇ ОСВІТИ І-ІІІ СТУПЕНІВ - ЗАКЛАД ДОШКІЛЬНОЇ ОСВІТИ СТАВИЩЕНСЬКОЇ СЕЛИЩНОЇ РАДИ БІЛОЦЕРКІВСЬКОГО РАЙОНУ КИЇВСЬКОЇ ОБЛАСТІ,середня загальноосвітня школа,25667840,UA32020170240068130,3224286801,village,стрижавський3ступзакладдошкльнаосвтиставищенська,"2023, 2024"
Стрижавський заклад загальної середньої освіти І-ІІІ ступенів - заклад дошкільної освіти Ставищенської селищної ради Білоцерківського району Київської області,навчально-виховне об'єднання,25667840,UA32020170240068130,3224286801,village,стрижавський3ступзакладдошкльнаосвтиставищенська,2022
Стрижавська загальноосвітня школа І-ІІІ ступенів - заклад дошкільної освіти Ставищенської районної ради Київської області,навчально-виховний комплекс,25667840,UA32020170240068130,3224286801,village,стрижавськазагальноосвтняшкола3ступзакладдошкльнаосвтиставищенська,2021
Стрижавська загальноосвітня школа І-ІІІ ступенів Ставищенської районної ради Київської області,середня загальноосвітня школа,25667840,UA32020170240068130,3224286801,village,стрижавськазагальноосвтняшкола3ступставищенська,"2016, 2017, 2018, 2019"
Стрижавська середня загальноосвітня школа І-ІІІ ступенів,середня загальноосвітня школа,25667840,UA05020230010011069,0520655900,urban village,стрижавськасереднязагальноосвтняшкола3ступен,2016
Рівненська загальноосвітня школа І-ІІІ ступенів №9 Рівненської міської ради,середня загальноосвітня школа,25675242,UA56060470010041018,5610100000,town,рвненськазагальноосвтняшкола3ступ9рвненська,"2016, 2017, 2018, 2019, 2020, 2021, 2022"
"Рівненський навчально-виховний комплекс ""Загальноосвітня школа І-ІІІ ступенів - ліцей"" №19 Рівненської міської ради",середня загальноосвітня школа,25675242,UA56060470010041018,5610100000,town,рвненськийнавчальновиховнийкомплексзагальноосвтняшкола3ступлцей19рвненська,2016
"Рівненський навчально-виховний комплекс ""Загальноосвітній навчальний заклад І-ІІІ ступенів - дошкільний навчальний заклад №14"" Рівненської міської ради",навчально-виховний комплекс,25675242,UA56060470010041018,5610100000,town,рвненськийнавчальновиховнийкомплексзагальноосвтнйнавчальнийзаклад3ступдошкльнийнавчальнийзаклад14рвненська,"2019, 2020, 2021, 2022"
"Рівненський навчально-виховний комплекс №2 ""Школа - Ліцей"" Рівненської міської ради",навчально-виховний комплекс,25675242,UA56060470010041018,5610100000,town,рвненськийнавчальновиховнийкомплекс2школалцейрвненська,"2016, 2017, 2018"
"Рівненський навчально-виховний комплекс ""Загальноосвітня школа І-ІІІ ступенів - ліцей"" №19 Рівненської міської ради",навчально-виховний комплекс,25675242,UA56060470010041018,5610100000,town,рвненськийнавчальновиховнийкомплексзагальноосвтняшкола3ступлцей19рвненська,"2017, 2018, 2019"
Рівненська загальноосвітня школа І-ІІІ ступенів №11 Рівненської міської ради,середня загальноосвітня школа,25675242,UA56060470010041018,5610100000,town,рвненськазагальноосвтняшкола3ступ11рвненська,"2016, 2017, 2018, 2019, 2020, 2021, 2022"
Рівненська загальноосвітня школа І-ІІІ ступенів №8 Рівненської міської ради,середня загальноосвітня школа,25675242,UA56060470010041018,5610100000,town,рвненськазагальноосвтняшкола3ступ8рвненська,"2016, 2017, 2018, 2019, 2020, 2021, 2022"
"Рівненський навчально-виховний комплекс ""Загальноосвітній навчальний заклад І-ІІІ ступенів - дошкільний навчальний заклад №14"" Рівненської міської ради",середня загальноосвітня школа,25675242,UA56060470010041018,5610100000,town,рвненськийнавчальновиховнийкомплексзагальноосвтнйнавчальнийзаклад3ступдошкльнийнавчальнийзаклад14рвненська,"2016, 2018"
Рівненська загальноосвітня школа І-ІІІ ступенів №28 Рівненської міської ради,середня загальноосвітня школа,25675242,UA56060470010041018,5610100000,town,рвненськазагальноосвтняшкола3ступ28рвненська,"2016, 2017, 2018, 2019, 2020, 2021, 2022"
"Рівненський навчально-виховний комплекс ""Загальноосвітня школа І-ІІІ ступенів-ліцей"" №19 Рівненської міської ради",навчально-виховний комплекс,25675242,UA56060470010041018,5610100000,town,рвненськийнавчальновиховнийкомплексзагальноосвтняшкола3ступлцей19рвненська,"2020, 2021, 2022"
Рівненська спеціалізована школа І-ІІІ ступенів №15 Рівненської міської ради,спеціалізована школа,25675242,UA56060470010041018,5610100000,town,рвненськаспецалзованашкола3ступ15рвненська,"2016, 2017, 2018, 2019, 2020, 2021, 2022"
Рівненський навчально-виховний комплекс №12 Рівненської міської ради,навчально-виховний комплекс,25675242,UA56060470010041018,5610100000,town,рвненськийнавчальновиховнийкомплекс12рвненська,"2016, 2017, 2018, 2019, 2020, 2021, 2022"
Рівненська загальноосвітня школа І-ІІІ ступенів №3 Рівненської міської ради,середня загальноосвітня школа,25675242,UA56060470010041018,5610100000,town,рвненськазагальноосвтняшкола3ступ3рвненська,"2016, 2017, 2018, 2019, 2020, 2021, 2022"
"Рівненський навчально-виховний комплекс ""Загальноосвітня школа І-ІІІ ступенів-спеціалізована спортивна школа"" №26 Рівненської міської ради",навчально-виховний комплекс,25675242,UA56060470010041018,5610100000,town,рвненськийнавчальновиховнийкомплексзагальноосвтняшкола3ступспецалзованаспортивнашкола26рвненська,"2016, 2017, 2018, 2019, 2020, 2021, 2022"
"Рівненський навчально-виховний комплекс ""Колегіум"" Рівненської міської ради",навчально-виховний комплекс,25675242,UA56060470010041018,5610100000,town,рвненськийнавчальновиховнийкомплексколегумрвненська,"2016, 2017, 2018, 2019, 2020, 2021"
Загальноосвітня школа І-ІІІ ступенів №18 Рівненської міської ради,середня загальноосвітня школа,25675242,UA56060470010041018,5610100000,town,загальноосвтняшкола3ступ18рвненська,"2019, 2020, 2021, 2022"
Рівненська загальноосвітня школа І-ІІІ ступенів №4 Рівненської міської ради,середня загальноосвітня школа,25675242,UA56060470010041018,5610100000,town,рвненськазагальноосвтняшкола3ступ4рвненська,"2016, 2017, 2018, 2019, 2020, 2021, 2022"
"Рівненський навчально-виховний комплекс ""Загальноосвітня школа І-ІІІ ступенів-дошкільний навчальний заклад"" №17 Рівненської міської ради",навчально-виховний комплекс,25675242,UA56060470010041018,5610100000,town,рвненськийнавчальновиховнийкомплексзагальноосвтняшкола3ступдошкльнийнавчальнийзаклад17рвненська,"2016, 2017, 2018, 2019, 2020, 2021, 2022"
"Рівненський навчально-виховний комплекс №2 ""Школа-ліцей"" Рівненської міської ради",навчально-виховний комплекс,25675242,UA56060470010041018,5610100000,town,рвненськийнавчальновиховнийкомплекс2школалцейрвненська,"2019, 2020, 2021, 2022"
Рівненський економіко-правовий ліцей Рівненської міської ради,ліцей,25675242,UA56060470010041018,5610100000,town,рвненськийекономкоправовийлцейрвненська,"2016, 2017, 2018, 2019, 2020, 2021, 2022"
Рівненська загальноосвітня школа І-ІІІ ступенів №20 Рівненської міської ради,середня загальноосвітня школа,25675242,UA56060470010041018,5610100000,town,рвненськазагальноосвтняшкола3ступ20рвненська,"2016, 2017, 2018, 2019, 2020, 2021, 2022"
Рівненська загальноосвітня школа І-ІІІ ступенів №5 імені О.О. Борисенка Рівненської міської ради,середня загальноосвітня школа,25675242,UA56060470010041018,5610100000,town,рвненськазагальноосвтняшкола3ступ5менооборисенкарвненська,"2017, 2018, 2020, 2021, 2022"
Рівненська загальноосвітня школа І-ІІІ ступенів №10 Рівненської міської ради,середня загальноосвітня школа,25675242,UA56060470010041018,5610100000,town,рвненськазагальноосвтняшкола3ступ10рвненська,"2016, 2017, 2018, 2019, 2020, 2021, 2022"
Рівненська загальноосвітня школа І-ІІІ ступенів №1 імені Володимира Короленка Рівненської міської ради,середня загальноосвітня школа,25675242,UA56060470010041018,5610100000,town,рвненськазагальноосвтняшкола3ступ1менволодимиракороленкарвненська,"2016, 2017, 2018, 2019, 2020, 2021, 2022"
"Рівненська гімназія ""Гармонія"" Рівненської міської ради",гімназія,25675242,UA56060470010041018,5610100000,town,рвненськагмназягармонярвненська,"2016, 2017, 2018, 2019, 2020, 2021, 2022"
Рівненська загальноосвітня школа І-ІІІ ступенів №22 Рівненської міської ради,середня загальноосвітня школа,25675242,UA56060470010041018,5610100000,town,рвненськазагальноосвтняшкола3ступ22рвненська,"2016, 2017, 2018, 2019, 2020, 2021, 2022"
Загальноосвітня школа I-III ступенів №4,середня загальноосвітня школа,25689439,UA68040130010039416,6821210100,town,загальноосвтняшкола3ступ4,"2016, 2017"
Загальноосвітня школа I-III ступенів №4 Димитровської міської ради Донецької області,середня загальноосвітня школа,25689439,UA14160150010065527,1411300000,town,загальноосвтняшкола3ступ4димитровська,2016
Загальноосвітня школа I-III ступенів № 4 Мирноградської міської ради Донецької області,середня загальноосвітня школа,25689439,UA14160150010065527,1411300000,town,загальноосвтняшкола3ступ4мирноградська,"2017, 2018"
Клинівський заклад загальної середньої освіти I-III ступенів Бахмутської міської ради Донецької області,середня загальноосвітня школа,25701956,UA14020010110036574,1410390010,village,клинвський3ступбахмутська,2021
Клинівська загальноосвітня школа I-III ступенів,середня загальноосвітня школа,25701956,UA68040350120085006,6821255504,village,клинвськазагальноосвтняшкола3ступен,"2016, 2017, 2018, 2019, 2020, 2021, 2022"
Клинівська загальноосвітня школа I-III ступенів Бахмутської районної ради Донецької області,середня загальноосвітня школа,25701956,UA14020010110036574,1410390010,village,клинвськазагальноосвтняшкола3ступбахмутська,"2017, 2018, 2019, 2020"
Клинівська загальноосвітня школа I-III ступенів Артемівської районної ради Донецької області,середня загальноосвітня школа,25701956,UA14020010110036574,1410390010,village,клинвськазагальноосвтняшкола3ступартемвська,2016
Комунальний заклад Очеретинський навчально-виховний комплекс: загальноосвітня школа І-ІІІ ступенів з поглибленим вивченням окремих предметів та курсів – дошкільний навчальний заклад (опорний навчальний заклад) Ясинуватського району,навчально-виховний комплекс,25703091,UA14160190010012632,1425555900,urban village,очеретинськийнавчальновиховнийкомплексзагальноосвтняшкола3ступзпоглибленимвивченямокремихпредметвтакурсвдошкльнийнавчальнийзакла,"2019, 2020, 2021"
Комунальний заклад Очеретинський навчально-виховний комплекс: загальноосвітня школа І-ІІІ ступенів з поглибленим вивченням окремих предметів та курсів–дошкільний навчальний заклад (опорний навчальний заклад) Очеретинської селищної ВЦА Покровського району,навчально-виховний комплекс,25703091,UA14160190010012632,1425555900,urban village,очеретинськийнавчальновиховнийкомплексзагальноосвтняшкола3ступзпоглибленимвивченямокремихпредметвтакурсвдошкльнийнавчальнийзакладочеретинськавц,2022
Комунальний заклад Очеретинський навчально-виховний комплекс: загальноосвітня школа І-ІІІ ступенів з поглибленим вивченням окремих предметів та курсів – дошкільний навчальний заклад (опорний навчальний заклад) Ясинуватського району Донецької області,середня загальноосвітня школа,25703091,UA14160190010012632,1425555900,urban village,очеретинськийнавчальновиховнийкомплексзагальноосвтняшкола3ступзпоглибленимвивченямокремихпредметвтакурсвдошкльнийнавчальнийзакла,2018
Новобахмутівська філія комунального закладу Очеретинський навчально-виховний комплекс: загально-освітня школа І-ІІІ ступенів з поглибленим вивченням окремих предма курсів - дошкільний навчальний заклад (опорний навчальний заклад) Очеретинської селищної військово-цивільної адміністрації Покровського району Донецької області,середня загальноосвітня школа,25703091,UA14160190130054690,1425583101,village,новобахмутвськафляочеретинськийнавчальновиховнийкомплексзагальноосвтняшкола3ступзпоглибленимвивченямокремихпредмакурсвдошкльнийнавчальнийзакладочеретинськавйськовоцивльнаадмнстрац,2024
Очеретинська загальноосвітня школа І-ІІІ ступенів з поглибленим вивченням окремих предметів та курсів Ясинуватського району Донецької області,середня загальноосвітня школа,25703091,UA14160190010012632,1425555900,urban village,очеретинськазагальноосвтняшкола3ступзпоглибленимвивченямокремихпредметвтакурс,2017
Новоселівська філія комунального закладу Очеретинський навчально - виховний комплекс : загальноосвітня школа І-ІІІ ступенів з поглибленим вивченням окремих предметів та курсів - дошкільний навчальний заклад (опорний навчальний заклад) Очеретинської селищної військово-цивільної адміністрації Покровського району Донецької області,навчально-виховний комплекс,25703091,UA14160190170079796,1425586503,village,новоселвськафляочеретинськийнавчальновиховнийкомплексзагальноосвтняшкола3ступзпоглибленимвивченямокремихпредметвтакурсвдошкльнийнавчальнийзакладочеретинськавйськовоцивльнаадмнстрац,2024
комунальний заклад Очеретинський навчально-виховний комплекс: загальноосвітня школа І-ІІІ ступенів з поглибленим вивченням окремих предметів та курсів - дошкільний навчальний заклад (опорний навчальний заклад) Очеретинської селищної військово-цивільної адміністрації Покровського району Донецької області,навчально-виховний комплекс,25703091,UA14160190010012632,1425555900,urban village,очеретинськийнавчальновиховнийкомплексзагальноосвтняшкола3ступзпоглибленимвивченямокремихпредметвтакурсвдошкльнийнавчальнийзакладочеретинськавйськовоцивльнаадмнстрац,"2023, 2024, 2025"
Степанівська загальноосвітня школа I-III ступенів Олександрівської районної ради Донецької області,середня загальноосвітня школа,25703625,UA14120150150019189,1420387501,village,степанвськазагальноосвтняшкола3ступолександрвська,"2017, 2018"
Степанівська загальноосвітня школа І-ІІІ ступенів Олександрівської районної ради Донецької області,середня загальноосвітня школа,25703625,UA14120150150019189,1420387501,village,степанвськазагальноосвтняшкола3ступолександрвська,"2019, 2020, 2021"
Степанівська загальноосвітня школа I-III ступенів Олександрівської районної ради,середня загальноосвітня школа,25703625,UA14120150150019189,1420387501,village,степанвськазагальноосвтняшкола3ступолександрвська,2016
Степанівська загальноосвітня школа I-III ступенів,середня загальноосвітня школа,25703625,UA18080130670044053,1821755155,village,степанвськазагальноосвтняшкола3ступен,2016
Степанівський заклад загальної середньої освіти І-ІІІ ступенів Новодонецької селищної ради Донецької області,середня загальноосвітня школа,25703625,UA14120150150019189,1420387501,village,степанвський3ступноводонецька,"2022, 2023"
Степанівський заклад загальної середньої освіти I-IIІ ступенів Новодонецької селищної ради Донецької області,середня загальноосвітня школа,25703625,UA14120150150019189,1420387501,village,степанвський3ступноводонецька,"2024, 2025"
Очеретинський заклад загальної середньої освіти І - ІІІ ступенів Олександрівської селищної ради Донецької області,середня загальноосвітня школа,25703760,UA14120170330088067,1420355134,village,очеретинський3ступолександрвська,2021
Опорний заклад Очеретинський заклад загальної середньої освіти І - ІІІ ступенів Олександрівської селищної ради Донецької області,ліцей,25703760,UA14120170330088067,1420355134,village,опорнийзакладочеретинський3ступолександрвська,"2022, 2023"
Опорний заклад Очеретинський заклад загальної середньої освіти I-IІІ ступенів Олександрівської селищної ради Донецької області,середня загальноосвітня школа,25703760,UA14120170330088067,1420355134,village,опорнийзакладочеретинський3ступолександрвська,"2024, 2025"
Очеретинська загальноосвітня школа I-III ступенів Олександрівської районної ради,середня загальноосвітня школа,25703760,UA14120170330088067,1420355134,village,очеретинськазагальноосвтняшкола3ступолександрвська,2016
Очеретинська загальноосвітня школа I-III ступенів,середня загальноосвітня школа,25703760,UA14160190010012632,1425555900,urban village,очеретинськазагальноосвтняшкола3ступен,2016
Очеретинська загальноосвітня школа І - ІІІ ступенів Олександрівської районної ради Донецької області,середня загальноосвітня школа,25703760,UA14120170330088067,1420355134,village,очеретинськазагальноосвтняшкола3ступолександрвська,2019
Очеретинська загальноосвітня школа I-III ступенів Олександрівської районної ради Донецької області,середня загальноосвітня школа,25703760,UA14120170330088067,1420355134,village,очеретинськазагальноосвтняшкола3ступолександрвська,"2017, 2018"
"Опорний заклад загальної середньої освіти ""Успіх"" Краматорської міської ради Донецької області",ліцей,25704564,UA14120090010038661,1412900000,town,опорнийуспхкраматорська,"2024, 2025"
"Філія опорного закладу загальної середньої освіти ""Успіх"" Краматорської міської ради Донецької області",середня загальноосвітня школа,25704564,UA14120090010038661,1412900000,town,фляопорногозакладузагальнасередньаосвтиуспхкраматорська,"2024, 2025"
Краматорська загальноосвітня школа І – ІІІ ступенів № 4 Краматорської міської ради,середня загальноосвітня школа,25704564,UA14120090010038661,1412900000,town,краматорськазагальноосвтняшкола3ступ4краматорська,2019
Краматорська загальноосвітня школа I-III ступенів № 4 Краматорської міської ради Донецької області,середня загальноосвітня школа,25704564,UA14120090010038661,1412900000,town,краматорськазагальноосвтняшкола3ступ4краматорська,"2016, 2017, 2018"
"Ліцей № 4 ""Успіх"" Краматорської міської ради Донецької області",ліцей,25704564,UA14120090010038661,1412900000,town,лцей4успхкраматорська,2023
"Ліцей № 4 ""Успіх"" Краматорської міської ради Донецької області",середня загальноосвітня школа,25704564,UA14120090010038661,1412900000,town,лцей4успхкраматорська,"2020, 2021, 2022"
Краматорський навчально-виховний комплекс (загальноосвітня школа І-ІІІ ступенів №32 – дошкільний навчальний заклад),навчально-виховний комплекс,25704570,UA14120090010038661,1412900000,town,краматорськийнавчальновиховнийкомплек,"2019, 2020, 2021, 2022, 2023"
Краматорський навчально­виховний комплекс (загальноосвітня школа І-ІІІ ступенів № 6 – дошкільний навчальний заклад Краматорської міської ради Донецької області),навчально-виховний комплекс,25704570,UA14120090010038661,1412900000,town,краматорськийнавчально­виховнийкомплек,2019
"Краматорський навчально–виховний комплекс ""Загальноосвітня школа І-ІІІ ступенів № 6 – дошкільний навчальний заклад Краматорської міської ради""",навчально-виховний комплекс,25704570,UA14120090010038661,1412900000,town,краматорськийнавчальновиховнийкомплексзагальноосвтняшкола3ступ6дошкльнийнавчальнийзакладкраматорська,"2020, 2021, 2022, 2023, 2024"
"Краматорський навчально-виховний комплекс ""Загальноосвітня школа I-III ступенів № 6 - дошкільний навчальний заклад Краматорської міської ради""",середня загальноосвітня школа,25704570,UA14120090010038661,1412900000,town,краматорськийнавчальновиховнийкомплексзагальноосвтняшкола3ступ6дошкльнийнавчальнийзакладкраматорська,"2016, 2017, 2018"
"Краматорський навчально-виховний комплекс ""Загальноосвітня школа I-IІI ступенів №6 - дошкільний навчальний заклад Краматорської міської ради""",навчально-виховний комплекс,25704570,UA14120090010038661,1412900000,town,краматорськийнавчальновиховнийкомплексзагальноосвтняшкола3ступ6дошкльнийнавчальнийзакладкраматорська,2025
Краматорська загальноосвітня школа І-ІІІ ступенів №8 Краматорської міської ради Донецької області,середня загальноосвітня школа,25704593,UA14120090010038661,1412900000,town,краматорськазагальноосвтняшкола3ступ8краматорська,2019
Економіко-гуманітарний ліцей №8 імені Василя Стуса Краматорської міської ради Донецької області,середня загальноосвітня школа,25704593,UA14120090010038661,1412900000,town,економкогумантарнийлцей8менвасилястусакраматорська,"2020, 2021"
Опорний заклад загальної середньої освіти імені Василя Стуса Краматорської міської ради Донецької області,ліцей,25704593,UA14120090010038661,1412900000,town,опорнийменвасилястусакраматорська,"2023, 2024, 2025"
Опорний заклад загальної середньої освіти імені Василя Стуса Краматорської міської ради Донецької області,середня загальноосвітня школа,25704593,UA14120090010038661,1412900000,town,опорнийменвасилястусакраматорська,2022
Краматорська загальноосвітня школа I-III ступенів № 8 Краматорської міської ради Донецької області,середня загальноосвітня школа,25704593,UA14120090010038661,1412900000,town,краматорськазагальноосвтняшкола3ступ8краматорська,"2016, 2017, 2018"
Окремі вечірні класи при Краматорській загальноосвітній школі І-ІІІступенів №8,вечірня (змінна) школа,25704593,UA14120090010038661,1412900000,town,окремвечрнкласиприкраматорськйзагальноосвтнйшкол3ступ8,2016
"Опорний заклад загальної середньої освіти ""Академічний"" Краматорської міської ради Донецької області",ліцей,25704713,UA14120090010038661,1412900000,town,опорнийакадемчнийкраматорська,"2024, 2025"
Краматорська школа І-ІІІ ступенів № 25 з профільним навчанням Краматорської міської ради Донецької області,середня загальноосвітня школа,25704713,UA14120090010038661,1412900000,town,краматорськашкола3ступ25зпрофльнимнавчанямкраматорська,"2019, 2020"
Краматорська загальноосвітня школа I-III ступенів № 25 з профільним навчанням Краматорської міської ради Донецької області,середня загальноосвітня школа,25704713,UA14120090010038661,1412900000,town,краматорськазагальноосвтняшкола3ступ25зпрофльнимнавчанямкраматорська,"2016, 2017, 2018"
Краматорська загальноосвітня школа І-ІІІ ступенів № 25 з профільним навчанням Краматорської міської ради Донецької області,середня загальноосвітня школа,25704713,UA14120090010038661,1412900000,town,краматорськазагальноосвтняшкола3ступ25зпрофльнимнавчанямкраматорська,"2021, 2022, 2023"
"Філія опорного закладу загальної середньої освіти ""Академічний"" Краматорської міської ради Донецької області",середня загальноосвітня школа,25704713,UA14120090010038661,1412900000,town,фляопорногозакладузагальнасередньаосвтиакадемчнийкраматорська,"2024, 2025"
Миколаївська загальноосвітня школа I-III ступенів,середня загальноосвітня школа,25708088,UA18080130390094457,1821784201,village,миколавськазагальноосвтняшкола3ступен,"2016, 2017, 2018, 2019, 2020, 2021"
Миколаївська загальноосвітня школа І-ІІІ ступенів Красноармійської районної ради Донецької області,середня загальноосвітня школа,25708088,UA14160050160024934,1422755304,village,миколавськазагальноосвтняшкола3ступкрасноармйська,2016
Миколаївська загальноосвітня школа І-ІІІ ступенів Покровської районної ради Донецької області,середня загальноосвітня школа,25708088,UA14160050160024934,1422755304,village,миколавськазагальноосвтняшкола3ступпокровська,"2017, 2018, 2019, 2020, 2021"
Миколаївський заклад загальної середньої освіти І-ІІІ ступенів №11 Новогродівської міської ради Донецької області,середня загальноосвітня школа,25708088,UA14160170110064444,1422783401,village,миколавський3ступ11новогродвська,"2022, 2023"
Миколаївський заклад загальної середньої освіти I-III ступенів № 11 Новогродівської міської ради Донецької області,середня загальноосвітня школа,25708088,UA14160170110064444,1422783401,village,миколавський3ступ11новогродвська,"2024, 2025"
Миколаївська загальноосвітня школа I-III ступенів,середня загальноосвітня школа,25708088,UA68040490160048233,6825055515,village,миколавськазагальноосвтняшкола3ступен,"2016, 2017"
Писарівська загальноосвітня школа I-III ступенів Золочівської районної державної адміністрації Харківської області,середня загальноосвітня школа,25753120,UA63020050430080608,6322655150,village,писарвськазагальноосвтняшкола3ступзолочвськадержавнаадмнстрац,2016
Писарівська загальноосвітня школа I-III ступенів,середня загальноосвітня школа,25753120,UA68040030170033052,6820955314,village,писарвськазагальноосвтняшкола3ступен,"2016, 2017, 2018, 2019, 2020, 2021, 2022"
опорний заклад Барвінківська ЗОШ І-ІІІ ступенів №1 Барвінківської районної ради Харківської області,середня загальноосвітня школа,25780246,UA63040030010027594,6320410100,town,опорнийзакладбарвнквськазагальноосвтняшкола3ступ1барвнквська,"2018, 2019, 2020, 2021"
Барвінківська ЗОШ І-ІІІ ступенів №1 Барвінківської районної ради Харківської області,середня загальноосвітня школа,25780246,UA63040030010027594,6320410100,town,барвнквськазагальноосвтняшкола3ступ1барвнквська,"2016, 2017"
Барвінківська філія Барвінківського ліцею №1 Барвінківської міської територіальної громади Ізюмського району Харківської області,середня загальноосвітня школа,25780246,UA63040030010027594,6320410100,town,барвнквськафлябарвнквськоголцею1барвнквськатериторальнагромад,2023
Барвінківський ліцей №1 Барвінківської міської територіальної громади Ізюмського району Харківської області,ліцей,25780246,UA63040030010027594,6320410100,town,барвнквськийлцей1барвнквськатериторальнагромад,"2022, 2023, 2024, 2025"
"Комунальний заклад ""Приколотнянський ліцей Вільхуватської сільської ради""",ліцей,25792893,UA63080030020071955,6321455600,urban village,приколотнянськийлцейвльхуватська,"2024, 2025"
Комунальний заклад «Приколотнянський ліцей ім. Героя Радянського Союзу К.Ф. Ольшанського Вільхуватської сільської ради»,ліцей,25792893,UA63080030020071955,6321455600,urban village,приколотнянськийлцейменгероярадянськогосоюзукфольшанськоговльхуватська,"2022, 2023"
"Черненська філія Комунального закладу ""Приколотнянський ліцей ім. Героя Радянського Союзу К.Ф.Ольшанського Вільхуватської сільської ради""",гімназія,25792893,UA63080030240090624,6321485501,village,черненськафляприколотнянськийлцейменгероярадянськогосоюзукфольшанськоговльхуватська,2023
Комунальний заклад «Приколотнянський ліцей ім. Героя Радянського Союзу К.Ф. Ольшанського Великобурлуцької районної ради Харківської області»,ліцей,25792893,UA63080030020071955,6321455600,urban village,приколотнянськийлцейменгероярадянськогосоюзукфольшанськоговеликобурлуцька,2021
Приколотнянська загальноосвітня школа I-III ступенів ім.Героя Радянського Союзу К.Ф.Ольшанського Великобурлуцької районної ради Харківської області,середня загальноосвітня школа,25792893,UA63080030020071955,6321455600,urban village,приколотнянськазагальноосвтняшкола3ступменгероярадянськогосоюзукфольшанськоговеликобурлуцька,"2016, 2017, 2018, 2019"
Комунальний заклад «Приколотнянський ліцей ім. Героя Радянського Союзу К.Ф. Ольшанського Великобурлуцької районної ради Харківської області»,середня загальноосвітня школа,25792893,UA63080030020071955,6321455600,urban village,приколотнянськийлцейменгероярадянськогосоюзукфольшанськоговеликобурлуцька,2020
Ренійська філія № 1 ОПОРНОГО ЗАКЛАДУ РЕНІЙСЬКИЙ ЗАКЛАД ЗАГАЛЬНОЇ СЕРЕДНЬОЇ ОСВІТИ № 6 РЕНІЙСЬКОЇ МІСЬКОЇ РАДИ,середня загальноосвітня школа,25814034,UA51080070010065897,5124110100,town,ренйськафля1опорногозакладуренйський6ренйська,2023
ОПОРНИЙ ЗАКЛАД РЕНІЙСЬКИЙ ЗАКЛАД ЗАГАЛЬНОЇ СЕРЕДНЬОЇ ОСВІТИ №6 РЕНІЙСЬКОЇ МІСЬКОЇ РАДИ,середня загальноосвітня школа,25814034,UA51080070010065897,5124110100,town,опорнийзакладренйський6ренйська,2022
ОПОРНИЙ ЗАКЛАД РЕНІЙСЬКИЙ ЛІЦЕЙ №1 РЕНІЙСЬКОЇ МІСЬКОЇ РАДИ ІЗМАЇЛЬСЬКОГО РАЙОНУ ОДЕСЬКОЇ ОБЛАСТІ,ліцей,25814034,UA51080070010065897,5124110100,town,опорнийзакладренйськийлцей1ренйська,"2024, 2025"
"Ренійський навчально-виховний комплекс ""Загальноосвітня школа I-III ступенів- ліцей"" Ренійської районної ради Одеської області",навчально-виховний комплекс,25814034,UA51080070010065897,5124110100,town,ренйськийнавчальновиховнийкомплексзагальноосвтняшкола3ступлцейренйська,"2016, 2017, 2018, 2019, 2020"
"Ренійський навчально-виховний комплекс ""Загальноосвітня школа I-III ступенів- ліцей"" Ренійської міської ради",навчально-виховний комплекс,25814034,UA51080070010065897,5124110100,town,ренйськийнавчальновиховнийкомплексзагальноосвтняшкола3ступлцейренйська,2021
ОПОРНИЙ ЗАКЛАД РЕНІЙСЬКИЙ ЗАКЛАД ЗАГАЛЬНОЇ СЕРЕДНЬОЇ ОСВІТИ № 6 РЕНІЙСЬКОЇ МІСЬКОЇ РАДИ,навчально-виховний комплекс,25814034,UA51080070010065897,5124110100,town,опорнийзакладренйський6ренйська,2023
"Миколаївський навчально-виховний комплекс ""загальноосвітня школа I-III ступенів-дошкільний навчальний заклад"" Миколаївського району Одеської області
",навчально-виховний комплекс,25830530,UA51020150010053472,5123555100,urban village,миколавськийнавчальновиховнийкомплексзагальноосвтняшкола3ступдошкльнийнавчальнийзакла,2016
"Опорний заклад Миколаївський ліцей з дошкільним відділенням, початковою школою та гімназією Бородінської селищної ради Болградського району Одеської області",ліцей,25830530,UA51060050190042939,5124786001,village,опорнийзакладмиколавськийлцейздошкльнимвддленямпочатковоюшколоютагмназюбороднська,"2023, 2024"
"Опорний заклад Миколаївський ліцей з дошкільним відділенням, початковою школою та гімназією Буджацької селищної ради Болградського району Одеської області",ліцей,25830530,UA51060050190042939,5124786001,village,опорнийзакладмиколавськийлцейздошкльнимвддленямпочатковоюшколоютагмназюбуджацька,2025
"Миколаївський навчально-виховний комплекс ""Загальноосвітня школа I-III ступенів-дошкільний навчальний заклад"" Тарутинської районної ради",навчально-виховний комплекс,25830530,UA51060050190042939,5124786001,village,миколавськийнавчальновиховнийкомплексзагальноосвтняшкола3ступдошкльнийнавчальнийзакладтарутинська,"2017, 2018, 2019, 2020"
"Миколаївський навчально-виховний комплекс ""Загальноосвітня школа I-III ступенів-дошкільний навчальний заклад"" Бородінської селищної ради",навчально-виховний комплекс,25830530,UA51060050190042939,5124786001,village,миколавськийнавчальновиховнийкомплексзагальноосвтняшкола3ступдошкльнийнавчальнийзакладбороднська,"2021, 2022"
"Миколаївський навчально-виховний комплекс ""Загальноосвітня школа I-III ступенів-дошкільний навчальний заклад"" Тарутинської районної ради
",середня загальноосвітня школа,25830530,UA51060050190042939,5124786001,village,миколавськийнавчальновиховнийкомплексзагальноосвтняшкола3ступдошкльнийнавчальнийзакладтарутинська,2016
Паплинецька загальноосвітня школа I-III ступенів,середня загальноосвітня школа,25834166,UA68040430280054071,6824455129,village,паплинецьказагальноосвтняшкола3ступен,2016
"Пасічнянський навчально-виховний комплекс ""Загальноосвітня школа I-III ступенів, технологічний ліцей"" Старосинявської селищної ради Старосинявського району Хмельницької області",ліцей,25834166,UA68040430290072337,6824455130,village,пасчнянськийнавчальновиховнийкомплексзагальноосвтняшкола3ступтехнологчнийлцейстаросинявська,"2018, 2019, 2020, 2021, 2022"
"Пасічнянський навчально-виховний комплекс ""Загальноосвітня школа I-III ступенів, технологічний ліцей""",середня загальноосвітня школа,25834166,UA68040430290072337,6824455130,village,пасчнянськийнавчальновиховнийкомплексзагальноосвтняшкола3ступтехнологчнийлце,2016
"Пасічнянський навчально-виховний комплекс ""Загальноосвітня школа I-III ступенів, технологічний ліцей""",ліцей,25834166,UA68040430290072337,6824455130,village,пасчнянськийнавчальновиховнийкомплексзагальноосвтняшкола3ступтехнологчнийлце,2017
Пасічнянський ліцей імені Ігоря Русого Старосинявської селищної ради Хмельницького району Хмельницької області,ліцей,25834166,UA68040430290072337,6824455130,village,пасчнянськийлцейменгорярусогостаросинявська,"2023, 2024, 2025"
Яковлівська філія Комунального закладу «Панютинський ліцей» Лозівської міської ради Харківської області,ліцей,25861878,UA63100050850050992,6323988501,village,яковлвськафляпанютинськийлцейлозвська,2023
Панютинська загальноосвітня школа I-III ст. №1 Лозівської міської ради Харківської області,середня загальноосвітня школа,25861878,UA63100050040061549,6311045400,urban village,панютинськазагальноосвтняшкола3ступ1лозвська,2016
Панютинська загальноосвітня школа I-III ступенів №1 Лозівської міської ради Харківської області,середня загальноосвітня школа,25861878,UA63100050040061549,6311045400,urban village,панютинськазагальноосвтняшкола3ступ1лозвська,"2017, 2018, 2019"
"Комунальний заклад ""Панютинський ліцей ""Лозівської міської ради Харківської області",ліцей,25861878,UA63100050040061549,6311045400,urban village,панютинськийлцейлозвська,"2020, 2021, 2022"
Комунальний заклад «Панютинський ліцей» Лозівської міської ради Харківської області,ліцей,25861878,UA63100050040061549,6311045400,urban village,панютинськийлцейлозвська,"2023, 2024, 2025"
"Комунальний заклад ""Близнюківський ліцей Близнюківської районної ради Харківської області""",ліцей,25864569,UA63100030010050961,6320655100,urban village,близнюквськийлцейблизнюквська,"2019, 2020, 2021"
"Комунальний заклад ""Близнюківський ліцей Близнюківської районної ради Харківської області""",середня загальноосвітня школа,25864569,UA63100030010050961,6320655100,urban village,близнюквськийлцейблизнюквська,2018
Близнюківський ліцей Близнюківської районної ради Харківської області,ліцей,25864569,UA63100030010050961,6320655100,urban village,близнюквськийлцейблизнюквська,2016
"Бурбулатівська філія Комунального закладу ""Близнюківський ліцей Близнюківської селищної ради Лозівського району Харківської області""",ліцей,25864569,UA63100030110016026,6320681501,village,бурбулатвськафляблизнюквськийлцейблизнюквська,"2023, 2024"
Близнюківська загальноосвітня школа І-ІІІ ступенів Близнюківської районної ради Харківської області,середня загальноосвітня школа,25864569,UA63100030010050961,6320655100,urban village,близнюквськазагальноосвтняшкола3ступблизнюквська,2017
"Комунальний заклад ""Близнюківський ліцей Близнюківської селищної ради Лозівського району Харківської області""",ліцей,25864569,UA63100030010050961,6320655100,urban village,близнюквськийлцейблизнюквська,"2022, 2023, 2024, 2025"
"Ізяславський навчально-виховний комплекс ""Загальноосвітня школа І-III ступенів №5 ім.О.Онищука, гімназія"" Ізяславської районної ради Хмельницької області",навчально-виховний комплекс,25879693,UA68060090010061527,6822110100,town,зяславськийнавчальновиховнийкомплексзагальноосвтняшкола3ступ5меноонищукагмназязяславська,"2017, 2018"
"Ізяславський навчально-виховний комплекс ""Загальноосвітня школа І-III ст. №5 ім.О.Онищука, гімназія"" Ізяславської районної ради Хмельницької області",навчально-виховний комплекс,25879693,UA68060090010061527,6822110100,town,зяславськийнавчальновиховнийкомплексзагальноосвтняшкола3ступ5меноонищукагмназязяславська,"2019, 2020, 2021"
Ізяславський ліцей №5 імені О.П.Онищука Ізяславської міської ради,ліцей,25879693,UA68060090010061527,6822110100,town,зяславськийлцей5менопонищуказяславська,"2023, 2024, 2025"
"Філія Ізяславського навчально-виховного комплексу ""Загальноосвітня школа І-ІІІ ст. №5 ім. О. Онищука, гімназія"" Васьковецький навчально-виховний комплекс ""Загальноосвітня школа І-ІІ ступенів -дитячий садок"" Ізяславської міської ради Хмельницької області",навчально-виховний комплекс,25879693,UA68060090080072719,6822182602,village,флязяславськогонавчальновиховногокомплексузагальноосвтняшкола3ступ5меноонищукагмназяваськовецькийнавчальновиховнийкомплексзагальноосвтняшкола2ступдитячийсадокзяславська,2024
"Ізяславський навчально-виховний комплекс ""Загальноосвітня школа ІI-III ступенів №5 ім.О.Онищука, гімназія""",навчально-виховний комплекс,25879693,UA68060090010061527,6822110100,town,зяславськийнавчальновиховнийкомплексзагальноосвтняшкола3ступ5меноонищукагмназ,2016
"Ізяславський навчально-виховний комплекс ""Загальноосвітня школа І-III ст. №5 ім.О.Онищука, гімназія"" Ізяславської міської ради Хмельницької області",навчально-виховний комплекс,25879693,UA68060090010061527,6822110100,town,зяславськийнавчальновиховнийкомплексзагальноосвтняшкола3ступ5меноонищукагмназязяславська,2022
Загальноосвітня школа I-III ступенів №1 смт.Теплик Теплицький район Вінницька область,середня загальноосвітня школа,25918992,UA05040230010056657,0523755100,urban village,загальноосвтняшкола3ступ1смттепли,"2016, 2017, 2018"
"Опорний заклад ""Теплицька загальноосвітня школа I-III ступенів №1 Теплицької районної ради Вінницької області""",середня загальноосвітня школа,25918992,UA05040230010056657,0523755100,urban village,опорнийзакладтеплицьказагальноосвтняшкола3ступ1теплицька,2019
"Удицька філія І-ІІ ступенів опорного закладу Теплицької селищної ради ""Теплицька загальноосвітня школа І-ІІІ ступенів № 1""",середня загальноосвітня школа,25918992,UA05040230250040285,0523787601,village,удицькафля2ступопорногозакладутеплицькатеплицьказагальноосвтняшкола3ступ1,2025
"Опорний заклад Теплицької селищної ради ""Теплицька загальноосвітня школа I-III ступенів №1""",середня загальноосвітня школа,25918992,UA05040230010056657,0523755100,urban village,опорнийзакладтеплицькатеплицьказагальноосвтняшкола3ступ1,"2020, 2021, 2022, 2023, 2024, 2025"
"ОПОРНИЙ ЗАКЛАД ОСВІТИ ""СУВОРОВСЬКИЙ ЛІЦЕЙ СУВОРОВСЬКОЇ СЕЛИЩНОЇ РАДИ ІЗМАЇЛЬСЬКОГО РАЙОНУ ОДЕСЬКОЇ ОБЛАСТІ""",середня загальноосвітня школа,25948349,UA51080110010083652,5122055400,urban village,опорнийзакладосвтисуворовськийлцейсуворовська,"2023, 2024"
"ОПОРНИЙ ЗАКЛАД ОСВІТИ ""КАТЛАБУЗЬКИЙ ЛІЦЕЙ КАТЛАБУЗЬКОЇ СЕЛИЩНОЇ РАДИ ІЗМАЇЛЬСЬКОГО РАЙОНУ ОДЕСЬКОЇ ОБЛАСТІ""",середня загальноосвітня школа,25948349,UA51080110010083652,5122055400,urban village,опорнийзакладосвтикатлабузькийлцейкатлабузька,2025
Суворовський заклад загальної середньої освіти Суворовської селищної ради Ізмаїльського району Одеської області,середня загальноосвітня школа,25948349,UA51080110010083652,5122055400,urban village,суворовськийсуворовська,"2021, 2022"
Суворовська загальноосвітня школа I-III ступенів,середня загальноосвітня школа,25948349,UA05100150240096606,0524310105,village,суворовськазагальноосвтняшкола3ступен,"2016, 2017"
"Суворовська загальноосвітня школа I-III ступенів Ізмаільської районної ради Одеської області
",середня загальноосвітня школа,25948349,UA51080110010083652,5122055400,urban village,суворовськазагальноосвтняшкола3ступзмальська,2016
Суворовська загальноосвітня школа I-III ступенів Ізмаільської районної ради Одеської області,середня загальноосвітня школа,25948349,UA51080110010083652,5122055400,urban village,суворовськазагальноосвтняшкола3ступзмальська,"2017, 2018, 2019, 2020"
Семенівська гімназія №2 Семенівської міської ради Чернігівської області,середня загальноосвітня школа,25955585,UA74060070010010511,7424710100,town,семенвськагмназя2семенвська,"2018, 2019"
Семенівська гімназія №2 Семенівської районної ради Чернігівської області,середня загальноосвітня школа,25955585,UA74060070010010511,7424710100,town,семенвськагмназя2семенвська,"2016, 2017"
Семенівська гімназія №2 Семенівської міської ради Чернігівської області,гімназія,25955585,UA74060070010010511,7424710100,town,семенвськагмназя2семенвська,"2020, 2021, 2022, 2023"
Семенівський ліцей №2 Семенівської міської ради Чернігівської області,ліцей,25955585,UA74060070010010511,7424710100,town,семенвськийлцей2семенвська,"2024, 2025"
Янжулівська філія І-ІІ ступенів Семенівської гімназії №2 Семенівської міської ради Чернігівської області,середня загальноосвітня школа,25955585,UA74060070660067523,7424710150,village,янжулвськафля2ступсеменвськагмназ2семенвська,2023
"Комунальний заклад ""Бугринський навчально-виховний комплекс: дошкільний навчальний заклад - загальноосвітня школа І-ІІ ступенів - агротехнічний ліцей"" Бугринської сільської ради Гощанського району Рівненської області",навчально-виховний комплекс,26009978,UA56060070010058422,5621281201,village,бугринськийнавчальновиховнийкомплексдошкльнийнавчальнийзакладзагальноосвтняшкола2ступагротехнчнийлцейбугринська,"2016, 2017, 2018, 2019, 2020, 2021"
Бугринський ліцей Бугринської сільської ради Рівненського району Рівненської області,ліцей,26009978,UA56060070010058422,5621281201,village,бугринськийлцейбугринська,2022
"опорний заклад ""Бугринський ліцей"" Бугринської сільської ради Рівненського району Рівненської області",ліцей,26009978,UA56060070010058422,5621281201,village,опорнийзакладбугринськийлцейбугринська,"2023, 2024, 2025"
"Посягвівська філія опорного закладу ""Бугринський ліцей"" Бугринської сільської ради Рівненського району Рівненської області",гімназія,26009978,UA56060070090054073,5621281210,village,посягввськафляопорногозакладубугринськийлцейбугринська,2024
Арцизький опорний заклад освіти №1- ліцей з початковою школою та гімназією Арцизької міської ради,навчально-виховний комплекс,26016843,UA51060010010032913,5120410100,town,арцизькийопорнийзакладосвти1лцейзпочатковоюшколоютагмназюарцизька,"2022, 2023"
"Арцизький навчально-виховний комплекс ""Загальноосвітня школа I-III ступенів № 1 - гімназія"" Арцизької районної ради Одеської області",навчально-виховний комплекс,26016843,UA51060010010032913,5120410100,town,арцизькийнавчальновиховнийкомплексзагальноосвтняшкола3ступ1гмназяарцизька,"2016, 2017"
Арцизька гімназія з початковою школою -філія Арцизького опорного закладу освіти №1-ліцей з початковою школою та гімназією Арцизької міської ради,гімназія,26016843,UA51060010010032913,5120410100,town,арцизькагмназязпочатковоюшколоюфляарцизькогоопорногозакладуосвти1лцейзпочатковоюшколоютагмназюарцизька,2023
Арцизька гімназія з початковою школою - філія Арцизького опорного закладу освіти №1-ліцею з початковою школою та гімназією Арцизької міської ради,гімназія,26016843,UA51060010010032913,5120410100,town,арцизькагмназязпочатковоюшколоюфляарцизькогоопорногозакладуосвти1лцеюзпочатковоюшколоютагмназюарцизька,"2024, 2025"
"Опорний навчальний заклад ""Арцизький навчально-виховний комплекс ""Загальноосвітня школа I-III ступенів № 1 - гімназія - міжшкільний навчально-виробничий комбінат - дошкільний начальний заклад"" Арцизької районної ради Одеської області",навчально-виховний комплекс,26016843,UA51060010010032913,5120410100,town,опорнийнавчальнийзакладарцизькийнавчальновиховнийкомплексзагальноосвтняшкола3ступ1гмназямжшкльнийнавчальновиробничийкомбнатдошкльнийначальнийзакладарцизька,"2018, 2019, 2020"
Арцизький опорний заклад освіти №1- ліцей з початковою школою та гімназією Арцизької міської ради,ліцей,26016843,UA51060010010032913,5120410100,town,арцизькийопорнийзакладосвти1лцейзпочатковоюшколоютагмназюарцизька,"2024, 2025"
Арцизький опорний заклад загальної середньої освіти I-III ступенів № 1 Арцизької міської ради,навчально-виховний комплекс,26016843,UA51060010010032913,5120410100,town,арцизькийопорний3ступ1арцизька,2021
"Комунальний заклад ""Василівська гімназія ""Сузір'я"" - загальноосвітня школа І-ІІІ ступенів"" Василівської районної ради Запорізької області",гімназія,26073676,UA23040030010016724,2320910100,town,василвськагмназясузрязагальноосвтняшкола3ступвасилвська,"2016, 2017, 2018, 2019, 2020, 2021"
"Комунальний заклад ""Василівський ліцей ""Сузір'я"" Василівської міської ради Запорізької області",ліцей,26073676,UA23040030010016724,2320910100,town,василвськийлцейсузрявасилвська,2022
"комунальний заклад ""Василівський ліцей ""Сузір'я"" Василівської міської ради Запорізької області",ліцей,26073676,UA23040030010016724,2320910100,town,василвськийлцейсузрявасилвська,"2023, 2024, 2025"
"Шевченківська гімназія-філія комунального закладу ""Василівський ліцей ""Сузір'я"" Василівської міської ради Запорізької області",гімназія,26073676,UA23040030170081838,2320986605,village,шевченквськагмназяфлявасилвськийлцейсузрявасилвська,2025
Шевченківський ліцей Шевченківської сільської ради Миколаївської області,ліцей,26086915,UA48060370010072079,4823384701,village,шевченквськийлцейшевченквська,"2023, 2024, 2025"
Шевченківський заклад загальної середньої освіти I-III ступенів Шевченківської сільської ради Миколаївської області,середня загальноосвітня школа,26086915,UA48060370010072079,4823384701,village,шевченквський3ступшевченквська,"2021, 2022"
"Комунальний заклад ""Шевченківська загальноосвітня школа I-III ступенів""",середня загальноосвітня школа,26086915,UA12020090100066261,1221482008,settlement,шевченквськазагальноосвтняшкола3ступен,"2018, 2019, 2020"
Шевченківська загальноосвітня школа I-III ступенів Шевченківської сільської ради Вітовського району Миколаївської області,середня загальноосвітня школа,26086915,UA48060370010072079,4823384701,village,шевченквськазагальноосвтняшкола3ступшевченквська,"2018, 2019, 2020"
Шевченківська загальноосвітня школа I-III ступенів Жовтневої районної ради Миколаївської області,середня загальноосвітня школа,26086915,UA48060370010072079,4823384701,village,шевченквськазагальноосвтняшкола3ступжовтнева,2016
Шевченківська загальноосвітня школа I-III ступенів Вітовської районної ради Миколаївської області,середня загальноосвітня школа,26086915,UA48060370010072079,4823384701,village,шевченквськазагальноосвтняшкола3ступвтовська,2017
Шевченківська загальноосвітня школа I-III ступенів,середня загальноосвітня школа,26086915,UA26060070170069898,2622087601,village,шевченквськазагальноосвтняшкола3ступен,"2016, 2017"
ДЕЛЬЖИЛЕРСЬКИЙ ЛІЦЕЙ ТАТАРБУНАРСЬКОЇ МІСЬКОЇ РАДИ,ліцей,26110743,UA51040250060072436,5125081901,village,дельжилерськийлцейтатарбунарська,"2023, 2024, 2025"
"Комунальний заклад ""Дмитрівський заклад загальної середньої освіти I-III ступенів"" Татарбунарської міської ради Одеської області",середня загальноосвітня школа,26110743,UA51040250060072436,5125081901,village,дмитрвський3ступтатарбунарська,2021
Дмитрівська загальноосвітня школа I-III ступенів Татарбунарського району Одеської області,середня загальноосвітня школа,26110743,UA51040250060072436,5125081901,village,дмитрвськазагальноосвтняшкола3ступен,2016
"Комунальний заклад ""Дмитрівська загальноосвітня школа I-III ступенів"" Татарбунарського району Одеської області",середня загальноосвітня школа,26110743,UA51040250060072436,5125081901,village,дмитрвськазагальноосвтняшкола3ступен,"2017, 2018"
"Дмитрівська загальноосвітня школа I-III ступенів Кілійського району Одеської області
",середня загальноосвітня школа,26110743,UA51080050030097390,5122381201,village,дмитрвськазагальноосвтняшкола3ступен,2016
"Комунальний заклад ""Дмитрівська загальноосвітня школа I-III ступенів"" Татарбунарської районної ради Одеської області",середня загальноосвітня школа,26110743,UA51040250060072436,5125081901,village,дмитрвськазагальноосвтняшкола3ступтатарбунарська,"2019, 2020"
Дельжилерський ліцей Татарбунарської міської ради,середня загальноосвітня школа,26110743,UA51040250060072436,5125081901,village,дельжилерськийлцейтатарбунарська,2022
Довгалівський ліцей Крупецької сільської ради Дубенського району Рівненської області,ліцей,26151908,UA56040150090012699,5625884810,village,довгалвськийлцейкрупецька,"2021, 2022, 2023, 2024, 2025"
Довгалівська загальноосвітня школа І-ІІІ ступенів Крупецької сільської ради Радивилівського району Рівненської області,середня загальноосвітня школа,26151908,UA56040150090012699,5625884810,village,довгалвськазагальноосвтняшкола3ступкрупецька,"2018, 2019, 2020"
Довгалівська загальноосвітня школа І-ІІІ ступенів Радивилівської районної ради Рівненської області,середня загальноосвітня школа,26151908,UA56040150090012699,5625884810,village,довгалвськазагальноосвтняшкола3ступрадивилвська,"2016, 2017"
Довгалівський ліцей,ліцей,26151908,UA68060350050066066,6820383001,village,довгалвськийлце,2020
Виноградненська загальноосвітня школа I-III ступенів Березівського району,середня загальноосвітня школа,26166956,UA51020170020066875,5121285602,village,виноградненськазагальноосвтняшкола3ступен,2018
Виноградненська загальноосвітня школа I-III ступенів  Березівського району,середня загальноосвітня школа,26166956,UA51020170020066875,5121285602,village,виноградненськазагальноосвтняшкола3ступен,2017
"Виноградненський ліцей з дошкільним відділенням, початковою школою та гімназією Кубейської сільської ради Болградського району Одеської області",середня загальноосвітня школа,26166956,UA51060130020096095,5121481401,village,виноградненськийлцейздошкльнимвддленямпочатковоюшколоютагмназюкубейська,2025
Виноградненський ліцей з початковою школою та гімназією Кубейської сільської ради Болградського району Одеської області,середня загальноосвітня школа,26166956,UA51060130020096095,5121481401,village,виноградненськийлцейзпочатковоюшколоютагмназюкубейська,"2022, 2023, 2024"
Виноградненський заклад загальної середньої освіти Кубейської сільської ради Болградського району Одеської області,середня загальноосвітня школа,26166956,UA51060130020096095,5121481401,village,виноградненськийкубейська,2021
Виноградненська загальноосвітня школа I-III ступенів Болградського району Одеської області,середня загальноосвітня школа,26166956,UA51060130020096095,5121481401,village,виноградненськазагальноосвтняшкола3ступен,"2016, 2017, 2018, 2019, 2020"
Комунальний заклад «Верхівський ліцей» Ободівської сільської ради,середня загальноосвітня школа,26220512,UA05040150030093706,0524180801,village,верхвськийлцейободвська,"2023, 2025"
Верхівська середня загальноосвітня школа І-ІІІ ступенів,середня загальноосвітня школа,26220512,UA05040150030093706,0524180801,village,верхвськасереднязагальноосвтняшкола3ступен,"2016, 2017, 2018, 2019, 2020, 2021"
"Заклад ""Верхівська загальноосвітня школа I-III ступенів""",середня загальноосвітня школа,26220512,UA05060070040047741,0520280401,village,закладверхвськазагальноосвтняшкола3ступен,"2016, 2017"
"Комунальний заклад ""Верхівський заклад загальної середньої освіти І-ІІІ ступенів"" Ободівської сільської ради",середня загальноосвітня школа,26220512,UA05040150030093706,0524180801,village,верхвський3ступободвська,2022
Вапнярська загальноосвітня школа I-III ступенів №1 ім. І. Д. Черняховського,середня загальноосвітня школа,26223074,UA05100030010044215,0523955400,urban village,вапнярськазагальноосвтняшкола3ступ1мендчерняховськог,2016
Вилянська загальноосвітня школа I-III ступенів,середня загальноосвітня школа,26223074,UA05100130060022240,0523955116,village,вилянськазагальноосвтняшкола3ступен,"2016, 2017"
Яланецький заклад загальної середньої освіти І-ІІІ ступенів Бершадської міської ради Гайсинського району,середня загальноосвітня школа,26228232,UA05040010260084928,0520488603,village,яланецький3ступбершадська,2022
Яланецька загальноосвітня школа I-III ступенів Бершадського району Вінницької області,середня загальноосвітня школа,26228232,UA05040010260084928,0520488603,village,яланецьказагальноосвтняшкола3ступен,"2020, 2021"
Яланецький заклад загальної середньої освіти І-III ступенів,середня загальноосвітня школа,26228232,UA05040010260084928,0520488603,village,яланецький3ступен,"2023, 2024, 2025"
Яланецька загальноосвітня школа I-III ступенів,середня загальноосвітня школа,26228232,UA05100130250051294,0523955115,village,яланецьказагальноосвтняшкола3ступен,"2016, 2017, 2018, 2019"
Яланецька загальноосвітня школа I-III ступенів,середня загальноосвітня школа,26228232,UA05040010260084928,0520488603,village,яланецьказагальноосвтняшкола3ступен,"2016, 2017, 2018, 2019"
Райгородська середня загальноосвітня школа I-III ступенів Немирівського району Вінницької області,середня загальноосвітня школа,26228485,UA05040190010066703,0523086401,village,райгородськасереднязагальноосвтняшкола3ступен,"2016, 2017, 2018"
Райгородський ліцей Райгородської сільської ради Вінницької області,ліцей,26228485,UA05040190010066703,0523086401,village,райгородськийлцейрайгородська,2022
"Комунальний заклад ""Райгородська загальноосвітня школа I-III ступенів Райгородської сілької ради Немирівського району Вінницької області""",середня загальноосвітня школа,26228485,UA05040190010066703,0523086401,village,райгородськазагальноосвтняшкола3ступрайгородськаслько,"2019, 2020, 2021"
Райгородська загальноосвітня школа I-III ступенів,середня загальноосвітня школа,26228485,UA44160030250060891,4423186701,village,райгородськазагальноосвтняшкола3ступен,2016
Райгородський ліцей Райгородської сільської ради Вінницької області,середня загальноосвітня школа,26228485,UA05040190010066703,0523086401,village,райгородськийлцейрайгородська,"2023, 2024, 2025"
Лозівська середня загальноосвітня школа I-III ступенів Чернівецького району,середня загальноосвітня школа,26229042,UA05080090170082461,0524984001,village,лозвськасереднязагальноосвтняшкола3ступен,"2016, 2017"
Лозівська середня загальноосвітня школа I-III ступенів Шаргородського району Вінницької області,середня загальноосвітня школа,26229042,UA05060150150045851,0525384801,village,лозвськасереднязагальноосвтняшкола3ступен,"2021, 2022"
"Лозівська середня загальноосвітня школа I-III ступенів, Шаргородського району, Вінницької області",середня загальноосвітня школа,26229042,UA05060150150045851,0525384801,village,лозвськасереднязагальноосвтняшкола3ступен,"2016, 2017, 2018, 2019"
Лозівський ліцей Шаргородської міської ради Жмеринського району Вінницької області,ліцей,26229042,UA05060150150045851,0525384801,village,лозвськийлцейшаргородська,2023
Бабинський ліцей Іллінецької міської ради Вінницької області,ліцей,26241913,UA05020090020089431,0521280403,village,бабинськийлцейллнецька,"2023, 2024, 2025"
Бабинська загальноосвітня школа I-III ступенів Іллінецької районної ради,середня загальноосвітня школа,26241913,UA05020090020089431,0521280403,village,бабинськазагальноосвтняшкола3ступллнецька,"2016, 2017, 2018, 2019, 2020, 2021"
Бабинська загальноосвітня школа I-III ступенів Іллінецької міської ради,середня загальноосвітня школа,26241913,UA05020090020089431,0521280403,village,бабинськазагальноосвтняшкола3ступллнецька,2022
Бабинська загальноосвітня школа I-III ступенів,середня загальноосвітня школа,26241913,UA68040430030091120,6824455106,village,бабинськазагальноосвтняшкола3ступен,2017
Ліцей №1 Гніванської міської ради,середня загальноосвітня школа,26242083,UA05020070010053570,0524510500,town,лцей1гнванська,2025
Ліцей №1 ім. А.С. Макаренка Гніванської міської ради,середня загальноосвітня школа,26242083,UA05020070010053570,0524510500,town,лцей1менасмакаренкагнванська,"2023, 2024"
"Опорний заклад освіти ""Альтернативна школа загальної середньої освіти I-III ступенів №1 ім. А.С. Макаренка розвитку здібностей дитини"" Гніванської міської ради Вінницької області",середня загальноосвітня школа,26242083,UA05020070010053570,0524510500,town,опорнийзакладосвтиальтернативнашколазагальнасередньаосвти3ступ1менасмакаренкарозвиткуздбностейдитинигнванська,2022
Альтернативна середня загальноосвітня школа I-III ступенів №1 ім. А.С. Макаренка розвитку здібностей дитини м. Гнівань Тиврівського району Вінницької області,середня загальноосвітня школа,26242083,UA05020070010053570,0524510500,town,альтернативнасереднязагальноосвтняшкола3ступ1менасмакаренкарозвиткуздбностейдитинимгнван,2020
"Опорний заклад освіти ""Альтернативна школа загальної середньої освіти I-III ступенів №1 ім. А.С. Макаренка розвитку здібностей дитини Гніванської міської ради Вінницької області""",середня загальноосвітня школа,26242083,UA05020070010053570,0524510500,town,опорнийзакладосвтиальтернативнашколазагальнасередньаосвти3ступ1менасмакаренкарозвиткуздбностейдитинигнванська,2021
Альтернативна середня загальноосвітня школа I-III ступенів №1 ім. А.С.Макаренка розвитку здібностей дитини м.Гнівань,середня загальноосвітня школа,26242083,UA05020070010053570,0524510500,town,альтернативнасереднязагальноосвтняшкола3ступ1менасмакаренкарозвиткуздбностейдитинимгнван,"2016, 2017, 2018"
Гніванська філія ліцею №1 ім. А.С. Макаренка Гніванської міської ради,середня загальноосвітня школа,26242083,UA05020070010053570,0524510500,town,гнванськафлялцею1менасмакаренкагнванська,2023
Альтернативна середня загальноосвітня школа I-III ступенів №1 ім. А.С.Макаренка розвитку здібностей дитини м.Гнівань Гніванської міської ради Тиврівського району Вінницької області,середня загальноосвітня школа,26242083,UA05020070010053570,0524510500,town,альтернативнасереднязагальноосвтняшкола3ступ1менасмакаренкарозвиткуздбностейдитинимгнваньгнванська,2019
"Опорний заклад ""Браїлівська загальноосвітня школа I-III ступенів ім. В.О.Забаштанського""",середня загальноосвітня школа,26242321,UA05060050020042300,0521055300,urban village,опорнийзакладбралвськазагальноосвтняшкола3ступменвозабаштанськог,"2019, 2020, 2021"
Браїлівська загальноосвітня школа I-III ступенів,середня загальноосвітня школа,26242321,UA68020190060016728,6823355106,village,бралвськазагальноосвтняшкола3ступен,"2016, 2017"
Браїлівський заклад загальної середньої освіти I-III ступенів ім. В.О.Забаштанського Жмеринської міської територіальної громади,середня загальноосвітня школа,26242321,UA05060050020042300,0521055300,urban village,бралвський3ступменвозабаштанськогожмеринськатериторальнагромад,2022
Браїлівська загальноосвітня школа I-III ступенів ім. В.О.Забаштанського,середня загальноосвітня школа,26242321,UA05060050020042300,0521055300,urban village,бралвськазагальноосвтняшкола3ступменвозабаштанськог,2018
Браїлівська загальноосвітня школа I-ІІ-III ступенів ім. В.О.Забаштанського,середня загальноосвітня школа,26242321,UA05060050020042300,0521055300,urban village,бралвськазагальноосвтняшкола3ступменвозабаштанськог,"2016, 2017"
"комунальний заклад ""Браїлівський ліцей імені В.О. Забаштанського"" Жмеринської міської територіальної громади",середня загальноосвітня школа,26242321,UA05060050020042300,0521055300,urban village,бралвськийлцейменвозабаштанськогожмеринськатериторальнагромад,"2023, 2024, 2025"
Чернятинська загальноосвітня школа I-III ступенів,середня загальноосвітня школа,26242580,UA05060110150064696,0521085213,village,чернятинськазагальноосвтняшкола3ступен,"2018, 2019, 2020, 2021"
Чернятинська загальноосвітня школа І-ІІІ ступенів,середня загальноосвітня школа,26242580,UA26080030370045939,2621687001,village,чернятинськазагальноосвтняшкола3ступен,2018
Чернятинський заклад загальної середньої освіти I-III ступенів,середня загальноосвітня школа,26242580,UA05060110150064696,0521085213,village,чернятинський3ступен,2022
Чернятинська загальноосвітня школа І-ІІІ ст.,середня загальноосвітня школа,26242580,UA26080030370045939,2621687001,village,чернятинськазагальноосвтняшкола3сту,"2016, 2017"
Чернятинська загальноосвітня школа I-ІІ-III ступенів,середня загальноосвітня школа,26242580,UA05060110150064696,0521085213,village,чернятинськазагальноосвтняшкола3ступен,"2016, 2017"
"КОМУНАЛЬНИЙ ЗАКЛАД ""ЛУКА-МЕЛЕШКІВСЬКИЙ ЛІЦЕЙ ЛУКА-МЕЛЕШКІВСЬКОЇ СІЛЬСЬКОЇ РАДИ ВІННИЦЬКОЇ ОБЛАСТІ""",ліцей,26242717,UA05020150010063370,0520682803,village,лукамелешквськийлцейлукамелешквська,"2023, 2024, 2025"
"Іванівська філія КОМУНАЛЬНОГО ЗАКЛАДУ ""ЛУКА-МЕЛЕШКІВСЬКИЙ ЛІЦЕЙ ЛУКА-МЕЛЕШКІВСЬКОЇ СІЛЬСЬКОЇ РАДИ ВІННИЦЬКОЇ ОБЛАСТІ""",середня загальноосвітня школа,26242717,UA05020150020016850,0520682003,village,ванвськафлялукамелешквськийлцейлукамелешквська,2023
Лука-Мелешківська загальноосвітня школа I-III ступенів,середня загальноосвітня школа,26242717,UA05020150010063370,0520682803,village,лукамелешквськазагальноосвтняшкола3ступен,"2016, 2017, 2018"
Лука-Мелешківська загальноосвітня школа I-III ступенів Вінницького району Вінницької області,середня загальноосвітня школа,26242717,UA05020150010063370,0520682803,village,лукамелешквськазагальноосвтняшкола3ступен,2019
"Комунальний заклад ""Заклад загальної середньої освіти - ліцей Лука-Мелешківської сільської ради""",середня загальноосвітня школа,26242717,UA05020150010063370,0520682803,village,лцейлукамелешквська,"2020, 2021, 2022"
Сокільська середня загальноосвітня школа I-III ступенів Чернівецького району,середня загальноосвітня школа,26242901,UA05080090240088291,0524986001,village,сокльськасереднязагальноосвтняшкола3ступен,"2016, 2017"
"""Сокільський ліцей Чернівецької селищної ради""",ліцей,26242901,UA05080090240088291,0524986001,village,сокльськийлцейчернвецька,"2024, 2025"
Сокільська середня загальноосвітня школа I-III ступенів Чернівецького району Вінницької області,середня загальноосвітня школа,26242901,UA05080090240088291,0524986001,village,сокльськасереднязагальноосвтняшкола3ступен,2018
Сокільська загальноосвітня школа I-III ступенів,середня загальноосвітня школа,26242901,UA68020070210073854,6822482714,village,сокльськазагальноосвтняшкола3ступен,"2016, 2017, 2018"
Сокільський ліцей Чернівецької селищної ради,ліцей,26242901,UA05080090240088291,0524986001,village,сокльськийлцейчернвецька,2023
"Комунальний заклад ""Сокільська загальноосвітня школа I-III ступенів Чернівецької районної ради Вінницької області""",середня загальноосвітня школа,26242901,UA05080090240088291,0524986001,village,сокльськазагальноосвтняшкола3ступчернвецька,"2019, 2020"
Сокільський заклад загальної середньої освіти I-III ступенів Чернівецької селищної ради,середня загальноосвітня школа,26242901,UA05080090240088291,0524986001,village,сокльський3ступчернвецька,2022
Середня загальноосвітня школа I-III ступенів с. Багринівці,середня загальноосвітня школа,26244432,UA05020130030022556,0522480401,village,середнязагальноосвтняшкола3ступсбагринвц,"2016, 2017, 2018"
Середня загальноосвітня школа I-III ступенів с. Вінниківці,середня загальноосвітня школа,26244432,UA05020130100069764,0522481603,village,середнязагальноосвтняшкола3ступсвниквц,"2016, 2017, 2018"
Опорний заклад загальної середньої освіти І-ІІІ ступенів с. Багринівці Літинської селищної ради Вінницької області,ліцей,26244432,UA05020130030022556,0522480401,village,опорний3ступсбагринвцлтинська,"2022, 2023"
Опорний заклад загальної середньої освіти І-ІІІ ступенів с. Багринівці Літинської селищної ради Вінницької області,середня загальноосвітня школа,26244432,UA05020130030022556,0522480401,village,опорний3ступсбагринвцлтинська,"2024, 2025"
Опорний заклад середньої загальної освіти І-ІІІ ст. с. Багринівці Літинської районної ради,середня загальноосвітня школа,26244432,UA05020130030022556,0522480401,village,опорнийзакладсередньазагальнаосвти3ступсбагринвцлтинська,"2019, 2020, 2021"
Воскресенська загальноосвітня школа I-III ступенів районної ради Херсонської області,середня загальноосвітня школа,26251320,UA65040030050039068,6522955104,village,воскресенськазагальноосвтняшкола3ступ,2016
Воскресенська загальноосвітня школа І-ІІІ ступенів Приазовської районної ради Запорізької області,середня загальноосвітня школа,26251320,UA23080150030099351,2324582201,village,воскресенськазагальноосвтняшкола3ступприазовська,"2016, 2017"
Воскресенська загальноосвітня школа I-III ступенів,середня загальноосвітня школа,26251320,UA65040030050039068,6522955104,village,воскресенськазагальноосвтняшкола3ступен,2017
Загальноосвітня школа I-III ступенів №1 с.Іванів Іванівської сільської територіальної громади Калинівського району Вінницької області,середня загальноосвітня школа,26286620,UA05120050010068533,0521682803,village,загальноосвтняшкола3ступ1сванвванвськатериторальнагромад,"2019, 2020, 2021"
ліцей с. Іванів Іванівської сільської ради Вінницької області,ліцей,26286620,UA05120050010068533,0521682803,village,лцейсванвванвська,"2023, 2024, 2025"
Загальноосвітня школа I-III ступенів №1 с.Іванів,середня загальноосвітня школа,26286620,UA05120050010068533,0521682803,village,загальноосвтняшкола3ступ1сван,"2016, 2017, 2018"
Ліцей с. Іванів Іванівської сільської ради Вінницької області,середня загальноосвітня школа,26286620,UA05120050010068533,0521682803,village,лцейсванвванвська,2022
Корделівська середня загальноосвітня школа I-III ступенів,середня загальноосвітня школа,26286620,UA05120070170051193,0521683603,village,корделвськасереднязагальноосвтняшкола3ступен,"2016, 2017, 2018, 2019"
Комунальний заклад освіти - Іванівська середня загальноосвітня школа I-III ступенів,середня загальноосвітня школа,26286620,UA12020190050056921,1223781401,village,освтиванвськасереднязагальноосвтняшкола3ступен,"2016, 2017"
Опорний навчально-виховний заклад Чернігівська загальноосвітня школа І-ІІІ ступенів імені Героя Радянського Союзу А. М. Темника Чернігівської селищної ради Чернігівського району Запорізької області,середня загальноосвітня школа,26292402,UA23020150010043513,2325555100,urban village,опорнийнавчальновиховнийзакладчернгвськазагальноосвтняшкола3ступменгероярадянськогосоюзуамтемникачернгвська,2021
Чернігівська філія опорного навчально-виховного закладу Чернігівська загальноосвітня школа І-ІІІ ступенів імені Героя радянського Союзу А. М. Темника Чернігівської селищної ради Бердянського району Запорізької області,початкова школа,26292402,UA23020150010043513,2325555100,urban village,чернгвськафляопорногонавчальновиховногозакладучернгвськазагальноосвтняшкола3ступменгероярадянськогосоюзуамтемникачернгвська,2023
Опорний навчально-виховний заклад Чернігівська загальноосвітня школа І-ІІІ ступенів імені Героя Радянського Союзу А.М. Темника Чернігівської селищної ради Чернігівського району Запорізької області,середня загальноосвітня школа,26292402,UA23020150010043513,2325555100,urban village,опорнийнавчальновиховнийзакладчернгвськазагальноосвтняшкола3ступменгероярадянськогосоюзуамтемникачернгвська,2020
опорний навчально-виховний заклад Чернігівська загальноосвітня школа I-III ступенів імені Героя Радянського Союзу А.М.Темника Чернігівської селищної ради Бердянського району Запорізької області,середня загальноосвітня школа,26292402,UA23020150010043513,2325555100,urban village,опорнийнавчальновиховнийзакладчернгвськазагальноосвтняшкола3ступменгероярадянськогосоюзуамтемникачернгвська,2024
Опорний навчально-виховний заклад Чернігівська загальноосвітня школа І-ІІІ ступенів імені Героя Радянського Союзу А.М.Темника Чернігівської районної ради Запорізької області,середня загальноосвітня школа,26292402,UA23020150010043513,2325555100,urban village,опорнийнавчальновиховнийзакладчернгвськазагальноосвтняшкола3ступменгероярадянськогосоюзуамтемникачернгвська,2017
Опорний навчально-виховний заклад Чернігівська загальноосвітня школа І-ІІІ ступенів імені Героя Радянського Союзу А. М. Темника Чернігівської селищної ради Бердянського району Запорізької області,середня загальноосвітня школа,26292402,UA23020150010043513,2325555100,urban village,опорнийнавчальновиховнийзакладчернгвськазагальноосвтняшкола3ступменгероярадянськогосоюзуамтемникачернгвська,"2022, 2023"
Опорний навчально-виховний заклад Чернігівська загальноосвітня школа І-ІІІ ступенів імені Героя Радянського Союзу А.М.Темника Чернігівської селищної ради Чернігівського району Запорізької області,середня загальноосвітня школа,26292402,UA23020150010043513,2325555100,urban village,опорнийнавчальновиховнийзакладчернгвськазагальноосвтняшкола3ступменгероярадянськогосоюзуамтемникачернгвська,"2018, 2019"
Чернігівська загальноосвітня школа І-ІІІ ступенів імені Героя Радянського Союзу А.М.Темника Чернігівської районної ради Запорізької області,середня загальноосвітня школа,26292402,UA23020150010043513,2325555100,urban village,чернгвськазагальноосвтняшкола3ступменгероярадянськогосоюзуамтемникачернгвська,2016
опорний навчально-виховний заклад Чернігівська загальноосвітня школа I-III ступенів імені Героя Радянського Союзу А.М.Темника Чернігівської селищної ради Бердянського району Запорізької області,середня загальноосвітня школа,26292402,UA23060070010154443,2310137200,city,опорнийнавчальновиховнийзакладчернгвськазагальноосвтняшкола3ступменгероярадянськогосоюзуамтемникачернгвська,2025
"Філія опорного навчально-виховного закладу ""Чернігівська загальноосвітня школа І-ІІІ ступенів ім. Героя Радянського Союзу А.М.Темника"" Стульневський навчально-виховний комплекс Чернігівської районної ради Запорізької області",середня загальноосвітня школа,26292402,UA23020150330094590,2325555137,village,фляопорногонавчальновиховногозакладучернгвськазагальноосвтняшкола3ступменгероярадянськогосоюзуамтемникастульневськийнавчальновиховнийкомплексчернгвська,2017
Вільховецька загальноосвітня школа I-III ступенів ім. Федора Степановича Бацури,середня загальноосвітня школа,26293034,UA68020190100099603,6823355109,village,вльховецьказагальноосвтняшкола3ступменфедорастепановичабацур,"2018, 2019, 2020, 2021, 2022, 2023, 2024"
Вільховецька загальноосвітня школа I-III ступенів,середня загальноосвітня школа,26293034,UA68020090040084847,6825286201,village,вльховецьказагальноосвтняшкола3ступен,"2016, 2017, 2018, 2019, 2020, 2021, 2022"
Вільховецька загальноосвітня школа I-III ступенів,середня загальноосвітня школа,26293034,UA68020190100099603,6823355109,village,вльховецьказагальноосвтняшкола3ступен,"2016, 2017"
Вільховецький ліцей імені Федора Степановича Бацури Новоушицької селищної ради Хмельницької області,ліцей,26293034,UA68020190100099603,6823355109,village,вльховецькийлцейменфедорастепановичабацуриновоушицька,2025
"Комунальний заклад ""Михайлівська загальноосвітня школа I-III ступенів № 3"" Михайлівської селищної ради Михайлівського району Запорізької області",середня загальноосвітня школа,26316522,UA23040170010073574,2323355100,urban village,михайлвськазагальноосвтняшкола3ступ3михайлвська,2021
"Комунальний заклад ""Михайлівська загальноосвітня школа I-III ступенів № 3"" Михайлівської селищної ради Василівського району Запорізької області",середня загальноосвітня школа,26316522,UA23040170010073574,2323355100,urban village,михайлвськазагальноосвтняшкола3ступ3михайлвська,"2022, 2023"
"Комунальний заклад ""Михайлівська загальноосвітня школа I - III ступенів №3"" Михайлівської селищної ради Михайлівського району Запорізької області",середня загальноосвітня школа,26316522,UA23040170010073574,2323355100,urban village,михайлвськазагальноосвтняшкола3ступ3михайлвська,2019
"Комунальний заклад ""Михайлівська загальноосвітня школа I-III ступенів №3"" Михайлівської селищної ради Василівського району Запорізької області",середня загальноосвітня школа,26316522,UA23040170010073574,2323355100,urban village,михайлвськазагальноосвтняшкола3ступ3михайлвська,2024
Михайлівська гімназія № 3 Михайлівської селищної ради Василівського району Запорізької області,гімназія,26316522,UA23060070010154443,2310137200,city,михайлвськагмназя3михайлвська,2025
Михайлівська загальноосвітня школа І-ІІІ ступенів,середня загальноосвітня школа,26316522,UA12060010060037099,1220310108,village,михайлвськазагальноосвтняшкола3ступен,"2016, 2017, 2018, 2019, 2020, 2021"
"Комунальний заклад ""Михайлівська загальноосвітня школа I-III ступенів №3"" Михайлівської районної ради Запорізької області",середня загальноосвітня школа,26316522,UA23040170010073574,2323355100,urban village,михайлвськазагальноосвтняшкола3ступ3михайлвська,"2016, 2017, 2018"
"Комунальний заклад ""Любимівська загальноосвітня школа I-III ступенів"" Роздольської сільської ради Василівського району Запорізької області",середня загальноосвітня школа,26316597,UA23040190160027278,2323386616,village,любимвськазагальноосвтняшкола3ступроздольська,"2022, 2023"
"Комунальний заклад ""Любимівська загальноосвітня школа I-III ступенів"" Роздольської сільської ради Михайлівського району Запорізької області",середня загальноосвітня школа,26316597,UA23040190160027278,2323386616,village,любимвськазагальноосвтняшкола3ступроздольська,"2019, 2020, 2021"
"Комунальний заклад ""Любимівська загальноосвітня школа I-III ступенів"" Михайлівської районної ради Запорізької області",середня загальноосвітня школа,26316597,UA23040190160027278,2323386616,village,любимвськазагальноосвтняшкола3ступмихайлвська,"2016, 2017, 2018"
Комунальний заклад Любимівська  загальноосвітня школа,середня загальноосвітня школа,26316597,UA12020050010036263,1221484001,village,любимвськазагальноосвтняшкол,2017
Новомиколаївська філія опорного навчального закладу Новомиколаївська спеціалізована загальноосвітня школа І-ІІІ ступенів № 1 Новомиколаївської селищної ради Запорізького району Запорізької області,середня загальноосвітня школа,26317622,UA23060190010048202,2323655100,urban village,новомиколавськафляопорногонавчальногозакладуновомиколавськаспецалзованазагальноосвтняшкола3ступ1новомиколавська,2023
Опорний навчальний заклад Новомиколаївська спеціалізована загальноосвітня школа І-ІІІ ступенів №1 Новомиколаївської селищної ради Запорізького району Запорізької області,середня загальноосвітня школа,26317622,UA23060190010048202,2323655100,urban village,опорнийнавчальнийзакладновомиколавськаспецалзованазагальноосвтняшкола3ступ1новомиколавська,"2024, 2025"
Опорний навчальний заклад Новомиколаївська спеціалізована загальноосвітня школа I-III ступенів №1 Новомиколаївської районної ради Запорізької області,спеціалізована школа,26317622,UA23060190010048202,2323655100,urban village,опорнийнавчальнийзакладновомиколавськаспецалзованазагальноосвтняшкола3ступ1новомиколавська,"2017, 2018, 2019"
Опорний навчальний заклад Новомиколаївська спеціалізована загальноосвітня школа I-III ступенів № 1 Новомиколаївської селищної ради Запорізького району Запорізької області,спеціалізована школа,26317622,UA23060190010048202,2323655100,urban village,опорнийнавчальнийзакладновомиколавськаспецалзованазагальноосвтняшкола3ступ1новомиколавська,"2022, 2023"
Опорний навчальний заклад Новомиколаївська спеціалізована загальноосвітня школа I-III ступенів № 1 Новомиколаївської районної ради Запорізької області,спеціалізована школа,26317622,UA23060190010048202,2323655100,urban village,опорнийнавчальнийзакладновомиколавськаспецалзованазагальноосвтняшкола3ступ1новомиколавська,"2020, 2021"
Новомиколаївська спеціалізована загальноосвітня школа I-III ступенів №1 Новомиколаївської районної ради Запорізької області,спеціалізована школа,26317622,UA23060190010048202,2323655100,urban village,новомиколавськаспецалзованазагальноосвтняшкола3ступ1новомиколавська,2016
Великоберезнянська загальноосвітня школа І-ІІІ ступенів Великоберезнянської районної ради Закарпатської області,середня загальноосвітня школа,26326242,UA21100030010048161,2120855100,urban village,великоберезнянськазагальноосвтняшкола3ступвеликоберезнянська,"2016, 2017, 2018, 2019, 2020"
Великоберезнянський ліцей Великоберезнянської селищної ради Ужгородського району Закарпатської області,ліцей,26326242,UA21100030010048161,2120855100,urban village,великоберезнянськийлцейвеликоберезнянська,"2021, 2022, 2023, 2024, 2025"
Великоберезнянська гімназія Великоберезнянської районної ради Закарпатської області,гімназія,26326242,UA21100030010048161,2120855100,urban village,великоберезнянськагмназявеликоберезнянська,"2016, 2017, 2018, 2019, 2020"
Мирненська загальноосвітня школа І-ІІІ ступенів Лозно-Олександрівської селищної ради Луганської області,середня загальноосвітня школа,26341276,UA44100070250048965,4420955707,settlement,мирненськазагальноосвтняшкола3ступлозноолександрвська,"2020, 2021"
Мирненська загальноосвітня школа І-ІІІ ступенів Білокуракинської районної ради Луганської області,середня загальноосвітня школа,26341276,UA44100070250048965,4420955707,settlement,мирненськазагальноосвтняшкола3ступблокуракинська,"2018, 2019"
Червоноармійська загальноосвітня школа I-III ступенів Білокуракинської районної ради Луганської області,середня загальноосвітня школа,26341276,UA44100070250048965,4420955707,settlement,червоноармйськазагальноосвтняшкола3ступблокуракинська,"2016, 2017"
Червоноармійська загальноосвітня школа I-III ступенів,середня загальноосвітня школа,26341276,UA18040430010090823,1825455100,urban village,червоноармйськазагальноосвтняшкола3ступен,2016
Мирненська загальноосвітня школа I-III ступенів Мирненської селищної ради,середня загальноосвітня школа,26372992,UA23080090010048868,2323055500,urban village,мирненськазагальноосвтняшкола3ступмирненська,2019
"Новопилипівська філія І-ІІІ ступенів Мирненського опорного закладу загальної середньої освіти І- ІІІ ступенів "" Інтелект"" Мирненської селищної ради",середня загальноосвітня школа,26372992,UA23080090050040135,2323055501,village,новопилипвськафля3ступмирненськогоопорногозакладузагальнасередньаосвти3ступнтелектмирненська,"2020, 2021"
"Мирненський опорний заклад загальної середньої освіти I-III ступенів ""Інтелект"" Мирненської селищної ради",середня загальноосвітня школа,26372992,UA23080090010048868,2323055500,urban village,мирненськийопорний3ступнтелектмирненська,"2020, 2021, 2022, 2023"
"Мирненський опорний заклад загальної середньої освіти І-ІІІ ступенів ""Інтелект"" Мирненської селищної ради",середня загальноосвітня школа,26372992,UA23060070010228148,2310136900,city,мирненськийопорний3ступнтелектмирненська,2025
"Мирненський опорний заклад загальної середньої освіти І-ІІІ ступенів ""Інтелект"" Мирненської селищної ради",середня загальноосвітня школа,26372992,UA23080090010048868,2323055500,urban village,мирненськийопорний3ступнтелектмирненська,2024
Мирненська загальноосвітня школа I-III ступенів Мелітопольської районної ради Запорізької області,середня загальноосвітня школа,26372992,UA23080090010048868,2323055500,urban village,мирненськазагальноосвтняшкола3ступмелтопольська,"2016, 2017, 2018"
"Філія ""Світлодолинська гімназія"" Терпіннівського опорного закладу загальної середньої освіти I-III ступенів ""Джерело"" Терпіннівської сільської ради Мелітопольського району Запорізької області",гімназія,26373098,UA23080270120020278,2323083901,village,флясвтлодолинськагмназятерпнвськогоопорногозакладузагальнасередньаосвти3ступджерелотерпнвська,2022
"Філія ""Терпіннівська гімназія"" Терпіннівського опорного закладу загальної середньої освіти I-III ступенів ""Джерело""Терпіннівської сільської ради Мелітопольського району Запорізької області",гімназія,26373098,UA23080270010078454,2323085101,village,флятерпнвськагмназятерпнвськогоопорногозакладузагальнасередньаосвти3ступджерелотерпнвська,2022
"Терпіннівський опорний заклад загальної середньої освіти І-ІІІ ступенів ""Джерело"" Терпіннівської сільської ради Мелітопольського району Запорізької області",середня загальноосвітня школа,26373098,UA23080270010078454,2323085101,village,терпнвськийопорний3ступджерелотерпнвська,2022
"Терпіннівський колегіум ""Джерело"" Терпіннівської сільської ради Мелітопольського району Запорізької області",колегіум/колеж,26373098,UA23080270010078454,2323085101,village,терпнвськийколегумджерелотерпнвська,2021
"Терпіннівський опорний заклад загальної середньої освіти І-ІІІ ступенів ""Джерело"" Терпіннівської сільської ради Мелітопольського району Запорізької області",ліцей,26373098,UA23080270010078454,2323085101,village,терпнвськийопорний3ступджерелотерпнвська,"2023, 2024"
"Опорна гімназія ""Джерело"" Терпіннівської сільської ради Мелітопольського району Запорізької області",гімназія,26373098,UA23060070010228148,2310136900,city,опорнагмназяджерелотерпнвська,2025
"Терпіннівський колегіум ""Джерело"" Мелітопольської районної ради Запорізької області",колегіум,26373098,UA23080270010078454,2323085101,village,терпнвськийколегумджереломелтопольська,"2016, 2017, 2018, 2019, 2020"
Запорізька загальноосвітня школа І-ІІІ ступенів Молочанської міської ради,середня загальноосвітня школа,26373572,UA23100150090031762,2325282803,village,запорзьказагальноосвтняшкола3ступмолочанська,"2022, 2023"
Запорізька загальноосвітня школа І-ІІІ ступенів Токмацької районної ради Запорізької області,середня загальноосвітня школа,26373572,UA23100150090031762,2325282803,village,запорзьказагальноосвтняшкола3ступтокмацька,"2016, 2017, 2018, 2019, 2020"
Запорізька загальноосвітня школа I-III ступенів Молочанської міської ради,середня загальноосвітня школа,26373572,UA23100150090031762,2325282803,village,запорзьказагальноосвтняшкола3ступмолочанська,2024
Запорізька загальноосвітня школа І-ІІІ ступенів,середня загальноосвітня школа,26373572,UA12060010030079283,1220310105,village,запорзьказагальноосвтняшкола3ступен,"2016, 2017, 2018, 2019, 2020, 2021"
Березниківська загальноосвітня школа I-III ступенів,середня загальноосвітня школа,26395898,UA18080130050017362,1821755107,village,березниквськазагальноосвтняшкола3ступен,"2016, 2017, 2018"
Березниківська загальноосвітня школа І-ІІІ ступенів Свалявської районної ради Закарпатської області,середня загальноосвітня школа,26395898,UA21120150020014567,2124080301,village,березниквськазагальноосвтняшкола3ступсвалявська,"2016, 2017, 2018, 2019, 2020, 2021"
Березниківський заклад загальної середньої освіти І-ІІІ ступенів Керецьківської сільської ради,середня загальноосвітня школа,26395898,UA21120150020014567,2124080301,village,березниквський3ступкерецьквська,"2022, 2023, 2024, 2025"
"Володимирівський ліцей ""Успіх"" Широківської сільської ради Запорізького району Запорізької області",ліцей,26404054,UA23060330050066314,2322189006,village,володимирвськийлцейуспхшироквська,"2023, 2024, 2025"
"Володимирівський навчально-виховний комплекс ""загальноосвітній навчальний заклад - дошкільний навчальний заклад"" Апостолівського району Дніпропетровської області",середня загальноосвітня школа,26404054,UA12060010020072818,1220310102,village,володимирвськийнавчальновиховнийкомплексзагальноосвтнйнавчальнийзакладдошкльнийнавчальнийзакла,2016
"Володимирівський навчально-виховний комплекс ""школа І-ІІІ ступенів - гімназія ""Успіх"" Запорізького району Запорізької області",навчально-виховний комплекс,26404054,UA23060330050066314,2322189006,village,володимирвськийнавчальновиховнийкомплексшкола3ступгмназяусп,"2016, 2017, 2018"
"Володимирівський заклад загальної середньої освіти ""Успіх"" Широківської сільської ради Запорізького району Запорізької області",навчально-виховний комплекс,26404054,UA23060330050066314,2322189006,village,володимирвськийуспхшироквська,"2019, 2020, 2021"
"Володимирівський заклад загальної середньої освіти ""Успіх"" Широківської сільської ради Запорізького району Запорізької області",середня загальноосвітня школа,26404054,UA23060330050066314,2322189006,village,володимирвськийуспхшироквська,2022
Новоіванівська загальноосвітня школа І - ІІІ ступенів Арцизької районної ради Одеської області,середня загальноосвітня школа,26418694,UA51060010080081517,5120483901,village,новованвськазагальноосвтняшкола3ступарцизька,2019
Новоіванівська загальноосвітня школа І-ІІІ ступенів,середня загальноосвітня школа,26418694,UA12060010090043162,1220310111,village,новованвськазагальноосвтняшкола3ступен,2016
Загальноосвітня школа I-III ступенів с.Нова Іванівка Арцизького району Одеської області,середня загальноосвітня школа,26418694,UA51060010080081517,5120483901,village,загальноосвтняшкола3ступсноваванвк,2016
Новоіванівський заклад загальної середньої освіти І - ІІІ ступенів Арцизької районної ради Одеської області,середня загальноосвітня школа,26418694,UA51060010080081517,5120483901,village,новованвський3ступарцизька,2020
Новоіванівський ліцей з початковою школою та гімназією Арцизької міської ради,ліцей,26418694,UA51060010080081517,5120483901,village,новованвськийлцейзпочатковоюшколоютагмназюарцизька,"2022, 2024"
"Комунальний заклад ""Опорний заклад ""Кодимська загальноосвітня школа I-III ступенів"" Кодимської районної ради Одеської області",середня загальноосвітня школа,26419446,UA51120090010012317,5122510100,town,опорнийзакладкодимськазагальноосвтняшкола3ступкодимська,2020
"Кодимська загальноосвітня школа I-III ступенів Одеської області
",навчально-виховний комплекс,26419446,UA51120090010012317,5122510100,town,кодимськазагальноосвтняшкола3ступен,2016
комунальний заклад «Опорний заклад «Кодимський ліцей №1» Кодимської міської ради Подільського району Одеської області,ліцей,26419446,UA51120090010012317,5122510100,town,опорнийзакладкодимськийлцей1кодимська,"2023, 2024, 2025"
Кодимська загальноосвітня школа I-III ступенів Одеської області,середня загальноосвітня школа,26419446,UA51120090010012317,5122510100,town,кодимськазагальноосвтняшкола3ступен,2017
"Лабушненський навчально-виховний комплекс ""Загальноосвітня школа I-III ступенів - дошкільний навчальний заклад"" Кодимської районної ради Одеської області
",навчально-виховний комплекс,26419446,UA51120090080083006,5122583401,village,лабушненськийнавчальновиховнийкомплексзагальноосвтняшкола3ступдошкльнийнавчальнийзакладкодимська,2016
"Лабушненський навчально-виховний комплекс ""Загальноосвітня школа I-III ступенів - дошкільний навчальний заклад"" Кодимської районної ради Одеської області",навчально-виховний комплекс,26419446,UA51120090080083006,5122583401,village,лабушненськийнавчальновиховнийкомплексзагальноосвтняшкола3ступдошкльнийнавчальнийзакладкодимська,"2017, 2018"
Кодимська загальноосвітня школа I-III ступенів Кодимської районної ради Одеської області,середня загальноосвітня школа,26419446,UA51120090010012317,5122510100,town,кодимськазагальноосвтняшкола3ступкодимська,2018
"Комунальний заклад ""Опорний навчальний заклад ""Кодимська загальноосвітня школа I-III ступенів"" Кодимської районної ради Одеської області",середня загальноосвітня школа,26419446,UA51120090010012317,5122510100,town,опорнийнавчальнийзакладкодимськазагальноосвтняшкола3ступкодимська,2019
"Комунальний заклад ""Опорний заклад ""Кодимський заклад загальної середньої освіти №1"" Кодимської міської ради Одеської області",середня загальноосвітня школа,26419446,UA51120090010012317,5122510100,town,опорнийзакладкодимський1кодимська,2021
"Комунальний заклад ""Опорний заклад ""Кодимський ліцей №1"" Кодимської міської ради Подільського району Одеської області",середня загальноосвітня школа,26419446,UA51120090010012317,5122510100,town,опорнийзакладкодимськийлцей1кодимська,2022
Оболонська загальноосвітня школа І-ІІІ ступенів Коропської селищної ради Чернігівської області,середня загальноосвітня школа,26468083,UA74060010290042677,7422255130,village,оболонськазагальноосвтняшкола3ступкоропська,2025
Оболонська загальноосвітня школа I-III ступенів Коропської селищної ради Чернігівської області,середня загальноосвітня школа,26468083,UA74060010290042677,7422255130,village,оболонськазагальноосвтняшкола3ступкоропська,"2017, 2018, 2019, 2020, 2022, 2023, 2024"
Оболонська загальноосвітня школа I-III ступенів,середня загальноосвітня школа,26468083,UA26060130140050836,2622084501,village,оболонськазагальноосвтняшкола3ступен,"2016, 2017"
Оболонська загальноосвітня школа I-III ст. Коропської районної ради Чернігівської області,середня загальноосвітня школа,26468083,UA74060010290042677,7422255130,village,оболонськазагальноосвтняшкола3ступкоропська,2016
Тростянецька загальноосвітня школа I-III ступенів,середня загальноосвітня школа,26494672,UA26060130190089826,2622086901,village,тростянецьказагальноосвтняшкола3ступен,"2016, 2017"
"Тростянецький навчально-виховний комплекс ""загальноосвітня школа I-III ступенів-дитячий садок""",навчально-виховний комплекс,26494672,UA68040130430039891,6821210135,village,тростянецькийнавчальновиховнийкомплексзагальноосвтняшкола3ступдитячийсадо,"2016, 2017, 2018"
Тростянецька загальноосвітня школа I-III ступенів,середня загальноосвітня школа,26494672,UA05020050180059043,0524586801,village,тростянецьказагальноосвтняшкола3ступен,"2016, 2017, 2018"
Бубнівська загальноосвітня школа I-III ступенів,середня загальноосвітня школа,26494695,UA68040310040010746,6820955704,village,бубнвськазагальноосвтняшкола3ступен,"2016, 2017, 2018, 2019, 2020, 2021, 2022"
"Бубнівський навчально-виховний комплекс ""загальноосвітня школа I-III ступенів-дитячий садок""",навчально-виховний комплекс,26494695,UA68040350030058027,6821280701,village,бубнвськийнавчальновиховнийкомплексзагальноосвтняшкола3ступдитячийсадо,2017
Ізяславська загальноосвітня школа I-III ступенів №1 Ізяславської міської ради Хмельницької області,середня загальноосвітня школа,26494949,UA68060090010061527,6822110100,town,зяславськазагальноосвтняшкола3ступ1зяславська,"2017, 2018, 2019, 2020, 2021, 2022"
Ізяславський ліцей №1 імені Мирослава Поповича Ізяславської міської ради,ліцей,26494949,UA68060090010061527,6822110100,town,зяславськийлцей1менмирославапоповичазяславська,"2023, 2024, 2025"
Ізяславська загальноосвітня школа I-III ступенів №1,середня загальноосвітня школа,26494949,UA68060090010061527,6822110100,town,зяславськазагальноосвтняшкола3ступ1,2016
Ізяславська виправна колонія управління Державного департаменту України з питань виконання покарань у Хмельницькій області (№31),Пеніціарна установа,26494949,UA68060090010061527,6822110100,town,зяславськавиправнаколоняуправлнядержавногодепартаментуукранизпитаньвиконаняпокарань,2016
Маловисківська загальноосвітня школа №3 І-ІІІ ступенів Маловисківської міської ради Кіровоградської області,середня загальноосвітня школа,26504525,UA35060090010061989,3523110100,town,маловисквськазагальноосвтняшкола33ступмаловисквська,"2016, 2017, 2018, 2019, 2020"
Олександрівська загальноосвітня школа І-ІІІ ступенів Маловисківської міської ради Кіровоградської області,середня загальноосвітня школа,26504525,UA35060090100058155,3523110106,village,олександрвськазагальноосвтняшкола3ступмаловисквська,2016
"Пантазіївська філія Новопразького ліцею №1 Новопразької селищної ради Олександрійського району Кіровоградської області""",середня загальноосвітня школа,26505424,UA35080030060049982,3522284901,village,пантазвськафляновопразькоголцею1новопразька,"2023, 2024"
НОВОПРАЗЬКИЙ ЛІЦЕЙ №1 НОВОПРАЗЬКОЇ СЕЛИЩНОЇ РАДИ ОЛЕКСАНДРІЙСЬКОГО РАЙОНУ КІРОВОГРАДСЬКОЇ ОБЛАСТІ,ліцей,26505424,UA35080030010071208,3520355400,urban village,новопразькийлцей1новопразька,"2023, 2024, 2025"
Новопразький навчально- виховний комплекс Олександрійської районної ради,навчально-виховний комплекс,26505424,UA35080030010071208,3520355400,urban village,новопразькийнавчальновиховнийкомплексолександрйська,"2016, 2017, 2018, 2019"
Новопразький навчально- виховний комплекс Новопразької селищної ради Олександрійського району Кіровоградської області,навчально-виховний комплекс,26505424,UA35080030010071208,3520355400,urban village,новопразькийнавчальновиховнийкомплексновопразька,"2020, 2021, 2022"
Чорноморський ліцей Чорноморської міської ради Одеського району Одеської області,ліцей,26506576,UA51100370010020298,5110800000,town,чорноморськийлцейчорноморська,2022
Чорноморський ліцей Чорноморської селищної ради Одеського району Одеської області,ліцей,26506576,UA51100390010035428,5122755900,urban village,чорноморськийлцейчорноморська,"2024, 2025"
Чорноморський ліцей Чорноморської селищної ради Одеського району Одеської області,середня загальноосвітня школа,26506576,UA51100390010035428,5122755900,urban village,чорноморськийлцейчорноморська,2023
"Чорноморська загальноосвітня школа I-III ступенів Комінтернівської районної ради Одеської області
",середня загальноосвітня школа,26506576,UA51100390010035428,5122755900,urban village,чорноморськазагальноосвтняшкола3ступкомнтернвська,2016
Заклад загальної середньої освіти Чорноморської селищної ради Одеського району Одеської області,середня загальноосвітня школа,26506576,UA51100390010035428,5122755900,urban village,чорноморська,"2021, 2022"
Середня загальноосвітня школа №98,середня загальноосвітня школа,26508374,UA46060250010457177,4610136800,city,середнязагальноосвтняшкола98,"2016, 2017, 2018, 2019, 2020, 2021, 2022, 2023, 2024"
"Комунальний заклад освіти ""Середня загальноосвітня школа № 98"" Дніпропетровської міської ради",середня загальноосвітня школа,26508374,UA12020010010475293,1210138400,city,освтисереднязагальноосвтняшкола98днпропетровська,2016
"Комунальний заклад освіти ""Середня загальноосвітня школа № 98"" Дніпровської міської ради",середня загальноосвітня школа,26508374,UA12020010010475293,1210138400,city,освтисереднязагальноосвтняшкола98днпровська,"2017, 2018, 2019, 2020, 2021, 2022, 2023"
Малинівська загальноосвітня школа I-III ступенів Чугуївського району Харківської області,середня загальноосвітня школа,30378087,UA63140050010015082,6325455900,urban village,малинвськазагальноосвтняшкола3ступен,"2016, 2017"
"Малинівська загальноосвітня школа I-III ступенів, Слов'янської районної ради Донецької області",середня загальноосвітня школа,30378087,UA14120130060077590,1424210802,village,малинвськазагальноосвтняшкола3ступсловянська,2016
Малинівський заклад загальної середньої освіти I-IIІ ступенів Миколаївської міської ради Краматорського району Донецької області,середня загальноосвітня школа,30378087,UA14120130060077590,1424210802,village,малинвський3ступмиколавська,"2023, 2024, 2025"
Малинівський заклад загальної середньої освіти Миколаївської міської ради Слов’янського району Донецької області,середня загальноосвітня школа,30378087,UA14120130060077590,1424210802,village,малинвськиймиколавська,2018
Малинівський заклад загальної середньої освіти І-ІІІ ступенів Миколаївської міської ради Краматорського району Донецької області,середня загальноосвітня школа,30378087,UA14120130060077590,1424210802,village,малинвський3ступмиколавська,2022
Малинівський заклад загальної середньої освіти І-ІІІ ступенів Миколаївської міської ради Слов’янського району Донецької області,середня загальноосвітня школа,30378087,UA14120130060077590,1424210802,village,малинвський3ступмиколавська,2021
Маяківська загальноосвітня школа І-ІІІ ступенів Слов’янської районної ради Донецької області,середня загальноосвітня школа,30378108,UA14120190080098036,1424284601,village,маяквськазагальноосвтняшкола3ступсловянська,"2018, 2019, 2020"
Маяківська загальноосвітня школа I-III ступенів Окнянського району,середня загальноосвітня школа,30378108,UA51120150230029924,5123182501,village,маяквськазагальноосвтняшкола3ступен,2018
Маяківська загальноосвітня школа I-III ступенів Красноокнянського району,середня загальноосвітня школа,30378108,UA51120150230029924,5123182501,village,маяквськазагальноосвтняшкола3ступен,"2016, 2017"
Маяківська загальноосвітня школа I-III ступенів Біляївського району,середня загальноосвітня школа,30378108,UA51100210010011388,5121083901,village,маяквськазагальноосвтняшкола3ступен,"2016, 2017, 2018"
"Комунальний заклад ""Маяківський заклад загальної середньої освіти I-III ступенів Святогірської міської ради Краматорського району Донецької області""",середня загальноосвітня школа,30378108,UA14120190080098036,1424284601,village,маяквський3ступсвятогрська,"2023, 2024, 2025"
"Маяківська загальносвітня школа І-ІІІ ступенів, Слов'янської районної ради Донецької області",середня загальноосвітня школа,30378108,UA14120190080098036,1424284601,village,маяквськазагальноосвтняшкола3ступсловянська,2016
Маяківська загальноосвітня школа І-ІІІ ступенів Слов'янської районної ради Донецької області,середня загальноосвітня школа,30378108,UA14120190080098036,1424284601,village,маяквськазагальноосвтняшкола3ступсловянська,"2017, 2021"
"КЗ ""Маяківський заклад загальної середньої освіти І-ІІІ ступенів Святогірської міської ради""",середня загальноосвітня школа,30378108,UA14120190080098036,1424284601,village,маяквський3ступсвятогрська,2022
Олександрівський заклад загальної середньої освіти I-III ступенів,середня загальноосвітня школа,30378176,UA05040250140081026,0524180301,village,олександрвський3ступен,2022
"Рай-Олександрівська загальноосвітня школа І-ІІІ ступенів, Слов'янської районної ради Донецької області",середня загальноосвітня школа,30378176,UA14120130110028097,1424210807,village,райолександрвськазагальноосвтняшкола3ступсловянська,2016
Рай-Олександрівський заклад загальної середньої освіти I-IIІ ступенів Миколаївської міської ради Краматорського району Донецької області,середня загальноосвітня школа,30378176,UA14120130110028097,1424210807,village,райолександрвський3ступмиколавська,2023
Рай-Олександрівський заклад загальної середньої освіти І-ІІІ ступенів Миколаївської міської ради Слов’янського району Донецької області,середня загальноосвітня школа,30378176,UA14120130110028097,1424210807,village,райолександрвський3ступмиколавська,"2018, 2019, 2020, 2021"
Рай-Олександрівський заклад загальної середньої освіти І-ІІІ ступенів Миколаївської міської ради Краматорського району Донецької області,середня загальноосвітня школа,30378176,UA14120130110028097,1424210807,village,райолександрвський3ступмиколавська,2022
Рай-Олександрівська загальноосвітня школа І-ІІІ ступенів Слов'янської районної ради Донецької області,середня загальноосвітня школа,30378176,UA14120130110028097,1424210807,village,райолександрвськазагальноосвтняшкола3ступсловянська,2017
Миролюбівський заклад загальної середньої освіти I-III ступенів Новомар’ївської сільської ради Вознесенського району Миколаївської області,середня загальноосвітня школа,31388541,UA48040170120076724,4821483907,village,миролюбвський3ступновомарвська,2022
Миролюбівський заклад загальної середньої освіти I-III ступенів Новомар’ївської сільської ради Братського району Миколаївської області,середня загальноосвітня школа,31388541,UA48040170120076724,4821483907,village,миролюбвський3ступновомарвська,"2020, 2021"
Миролюбівський ліцей Новомар'ївської сільської ради Вознесенського району Миколаївської області,ліцей,31388541,UA48040170120076724,4821483907,village,миролюбвськийлцейновомарвська,2024
Миролюбівський ліцей Новомар'ївської сільської ради Вознесенського району Миколаївської області,середня загальноосвітня школа,31388541,UA48040170120076724,4821483907,village,миролюбвськийлцейновомарвська,2023
Миролюбівський заклад загальної середньої освіти I-III ступенів,середня загальноосвітня школа,31388541,UA18060110020045140,1822855105,urban village,миролюбвський3ступен,"2019, 2020"
Миролюбівська загальноосвітня школа I-III ступенів Братської районної ради Миколаївської області,середня загальноосвітня школа,31388541,UA48040170120076724,4821483907,village,миролюбвськазагальноосвтняшкола3ступбратська,"2016, 2018, 2019"
Новоселівська загальноосвітня школа I-III ступенів Арбузинської районної ради Миколаївської області,середня загальноосвітня школа,31715800,UA48080010090074558,4820382601,village,новоселвськазагальноосвтняшкола3ступарбузинська,"2016, 2017, 2018, 2019, 2020"
Новоселівський ліцей Арбузинської селищної ради Миколаївської області,ліцей,31715800,UA48080010090074558,4820382601,village,новоселвськийлцейарбузинська,"2023, 2024, 2025"
"Команальний заклад освіти ""Новоселівська загальноосвітня школа I-III ступенів Арбузинської районної ради Миколаївської області""",середня загальноосвітня школа,31715800,UA48080010090074558,4820382601,village,команальнийзакладосвтиновоселвськазагальноосвтняшкола3ступарбузинська,2021
Новокрасненьська загальноосвітня школа I-III ступенів Арбузинської районної ради Миколаївської області,середня загальноосвітня школа,31715800,UA48080010080045800,4820355102,village,новокрасненьськазагальноосвтняшкола3ступарбузинська,"2016, 2017"
"Комунальний заклад освіти ""Новоселівська загальноосвітня школа I-III ступенів Арбузинської селищної ради Миколаївської області""",середня загальноосвітня школа,31715800,UA48080010090074558,4820382601,village,освтиновоселвськазагальноосвтняшкола3ступарбузинська,2022
Благодатненська загальноосвітня школа I-III ступенів ,середня загальноосвітня школа,31786185,UA65040030040063093,6522955102,village,благодатненськазагальноосвтняшкола3ступен,2017
Благодатненський ліцей Благодатненської сільської ради Миколаївської області,середня загальноосвітня школа,31786185,UA48080030010012495,4820380401,village,благодатненськийлцейблагодатненська,"2023, 2024, 2025"
"Комунальний заклад ""Благодатненська загальноосвітня школа I-III ступенів Благодатненської сільської ради Миколаївської області""",середня загальноосвітня школа,31786185,UA48080030010012495,4820380401,village,благодатненськазагальноосвтняшкола3ступблагодатненська,"2018, 2019, 2020, 2021, 2022"
Благодатненська загальноосвітня школа I-III ступенів Арбузинської районної ради Миколаївської області,середня загальноосвітня школа,31786185,UA48080030010012495,4820380401,village,благодатненськазагальноосвтняшкола3ступарбузинська,"2016, 2017"
Комсомольский ліцей №1 Зміївської районної ради Харківської області,ліцей,32506600,UA63140110010076882,6321755600,urban village,комсомольскийлцей1змвська,2016
Зміївський ліцей №1 Зміївської районної ради Харківської області імені двічі Героя Радянського Союзу З.К.Слюсаренка,ліцей,32506600,UA63140030010017037,6321710100,town,змвськийлцей1змвськамендвчгероярадянськогосоюзузкслюсаренк,2016
Зміївський ліцей №1 імені двічі Героя Радянського Союзу З.К.Слюсаренка Зміївської районної ради Харківської області,ліцей,32506600,UA63140030010017037,6321710100,town,змвськийлцей1мендвчгероярадянськогосоюзузкслюсаренказмвська,"2017, 2018, 2019, 2020, 2021"
"Комунальний заклад ""Зміївський ліцей №1 імені двічі Героя Радянського Союзу З.К.Слюсаренка"" Зміївської міської ради Чугуївського району Харківської області",ліцей,32506600,UA63140030010017037,6321710100,town,змвськийлцей1мендвчгероярадянськогосоюзузкслюсаренказмвська,"2022, 2023"
"Комунальний заклад ""Зміївський ліцей №1"" Зміївської міської ради Чугуївського району Харківської області",ліцей,32506600,UA63140030010017037,6321710100,town,змвськийлцей1змвська,"2024, 2025"
Дружбівська філія Дружбівського навчально-виховного комплексу: загальноосвітня школа І-ІІІ ступенів - дошкільний навчальний заклад Дружбівської міської ради Шосткинського району Сумської області,середня загальноосвітня школа,32535101,UA59100050010097062,5925610300,town,дружбвськафлядружбвськогонавчальновиховногокомплексузагальноосвтняшкола3ступдошкльнийнавчальнийзакладдружбвська,2023
Дружбівський навчально-виховний комплекс: загальноосвітня школа I-III ступенів - дошкільний навчальний заклад Дружбівської міської ради Шосткинського району Сумської області,навчально-виховний комплекс,32535101,UA59100050010097062,5925610300,town,дружбвськийнавчальновиховнийкомплексзагальноосвтняшкола3ступдошкльнийнавчальнийзакладдружбвська,2022
Дружбівський навчально-виховний комплекс: загальноосвітня школа I-III ступенів - дошкільний навчальний заклад Дружбівської міської ради Ямпільського району Сумської області,навчально-виховний комплекс,32535101,UA59100050010097062,5925610300,town,дружбвськийнавчальновиховнийкомплексзагальноосвтняшкола3ступдошкльнийнавчальнийзакладдружбвська,"2017, 2018, 2019, 2020, 2021"
Дружбівський навчально-виховний комплекс: загальноосвітня школа I-III ступенів - дошкільний навчальний заклад Ямпільської районної ради Сумської області,навчально-виховний комплекс,32535101,UA59100050010097062,5925610300,town,дружбвськийнавчальновиховнийкомплексзагальноосвтняшкола3ступдошкльнийнавчальнийзакладямпльська,2016
Дружбівський навчально-виховний комплекс: загальноосвітня школа I-IІI ступенів - дошкільний навчальний заклад Дружбівської міської ради Шосткинського району Сумської області,навчально-виховний комплекс,32535101,UA59100050010097062,5925610300,town,дружбвськийнавчальновиховнийкомплексзагальноосвтняшкола3ступдошкльнийнавчальнийзакладдружбвська,"2023, 2024, 2025"
Заклад Дружбівський навчально-виховний комплекс,навчально-виховний комплекс,32535101,UA18060190030027261,1824410102,urban village,закладдружбвськийнавчальновиховнийкомплек,"2018, 2019"
Краснопільська філія Краснопільського ліцею №1 Краснопільської селищної ради,середня загальноосвітня школа,32758735,UA59080090010070278,5922355100,urban village,краснопльськафлякраснопльськоголцею1краснопльська,2025
Краснопільська загальноосвітня школа I-III ступенів Краснопільської селищної ради,середня загальноосвітня школа,32758735,UA59080090010070278,5922355100,urban village,краснопльськазагальноосвтняшкола3ступкраснопльська,"2018, 2019, 2020, 2021, 2022"
Краснопільська загальноосвітня школа I-III ступенів Краснопільської районної ради Сумської області,середня загальноосвітня школа,32758735,UA59080090010070278,5922355100,urban village,краснопльськазагальноосвтняшкола3ступкраснопльська,"2016, 2017"
Краснопільський ліцей №1 Краснопільської селищної ради,ліцей,32758735,UA59080090010070278,5922355100,urban village,краснопльськийлцей1краснопльська,"2023, 2024, 2025"
"Навчально-виховний комплекс "" Перегонівська загальноосвітня школа І-ІІІ ступенів-дошкільний навчальний заклад"" Голованівської районної ради Кіровоградської області",навчально-виховний комплекс,32932925,UA35020150010014511,3521486001,village,навчальновиховнийкомплексперегонвськазагальноосвтняшкола3ступдошкльнийнавчальнийзакладголованвська,"2016, 2017, 2018"
Перегонівський ліцей Перегонівської сільської ради Голованівського району Кіровоградської області,ліцей,32932925,UA35020150010014511,3521486001,village,перегонвськийлцейперегонвська,"2021, 2022, 2023, 2024, 2025"
Крутеньківська загальноосвітня школа І-ІІІ ступенів Крутенківської сільської ради Голованівського району,середня загальноосвітня школа,32932925,UA35020150030043477,3521483901,village,крутеньквськазагальноосвтняшкола3ступкрутенквська,2016
Перегонівський ліцей Голованівської районної ради,ліцей,32932925,UA35020150010014511,3521486001,village,перегонвськийлцейголованвська,"2019, 2020"
КОМУНАЛЬНИЙ  ЗАКЛАД  ОСВІТИ « НАВЧАЛЬНО - ВИХОВНИЙ КОМПЛЕКС № 92» «ШКОЛА І-ІІІ СТУПЕНІВ – ДОШКІЛЬНИЙ  НАВЧАЛЬНИЙ ЗАКЛАД ( ДИТЯЧИЙ САДОК )» ДНІПРОВСЬКОЇ  МІСЬКОЇ РАДИ,навчально-виховний комплекс,33115382,UA12020010010350200,1210138100,city,освтинавчальновиховнийкомплекс92школа3ступдошкльнийнавчальнийзакладднпровська,2017
Середня загальноосвітня школа №92,середня загальноосвітня школа,33115382,UA46060250010615203,4610137500,city,середнязагальноосвтняшкола92,"2016, 2017, 2018, 2019, 2020, 2021, 2022, 2023"
КОМУНАЛЬНИЙ ЗАКЛАД ОСВІТИ « НАВЧАЛЬНО - ВИХОВНИЙ КОМПЛЕКС № 92» «ШКОЛА І-ІІІ СТУПЕНІВ – ДОШКІЛЬНИЙ НАВЧАЛЬНИЙ ЗАКЛАД ( ДИТЯЧИЙ САДОК )» ДНІПРОВСЬКОЇ МІСЬКОЇ РАДИ,навчально-виховний комплекс,33115382,UA12020010010350200,1210138100,city,освтинавчальновиховнийкомплекс92школа3ступдошкльнийнавчальнийзакладднпровська,"2020, 2021"
Миколаївська загальноосвітня школа I-III ступенів Миколаївської сільської ради Херсонської області,середня загальноосвітня школа,33117374,UA65060210050031558,6521284401,village,миколавськазагальноосвтняшкола3ступмиколавська,2016
Миколаївська загальноосвітня школа I-III ступенів Петропавлівської районної ради Дніпропетровської області,середня загальноосвітня школа,33117374,UA12140170010079994,1223882501,village,миколавськазагальноосвтняшкола3ступпетропавлвська,"2016, 2017, 2018"
Миколаївська загальноосвітня школа І-ІІІ ступенів Миколаївської сільської ради Великолепетиського району Херсонської області,середня загальноосвітня школа,33117374,UA65060210050031558,6521284401,village,миколавськазагальноосвтняшкола3ступмиколавська,2017
"Комунальний заклад "" Миколаївська загальноосвітня школа I-III ступенів"" Миколаївської сільської ради Петропавлівського району Дніпропетровської області",середня загальноосвітня школа,33117374,UA12140170010079994,1223882501,village,миколавськазагальноосвтняшкола3ступмиколавська,"2019, 2020, 2021"
Миколаївський ліцей Миколаївської сільської ради Синельниківського району Дніпропетровської області,ліцей,33117374,UA12140170010079994,1223882501,village,миколавськийлцеймиколавська,"2022, 2023, 2024, 2025"
Середня загальноосвітня школа № 8-загальноосвітній навчальний заклад І-ІІІ ступенів,середня загальноосвітня школа,33125799,UA12100070010038698,1211900000,town,середнязагальноосвтняшкола8загальноосвтнйнавчальнийзаклад3ступен,"2017, 2018"
Середня загальноосвітня школа № 8 загальноосвітній навчальний заклад І-ІІІ ступенів,середня загальноосвітня школа,33125799,UA12100070010038698,1211900000,town,середнязагальноосвтняшкола8загальноосвтнйнавчальнийзаклад3ступен,2016
Середня загальноосвітня школа №8 загальноосвітній навчальний заклад І-ІІІ ступенів,середня загальноосвітня школа,33125799,UA80000000000551439,8038000000,city,середнязагальноосвтняшкола8загальноосвтнйнавчальнийзаклад3ступен,2016
"Комунальний заклад Есманьської селищної ради ""Есманьська загальноосвітня школа І-ІІІ ступенів"" Шосткинського району Сумської області",середня загальноосвітня школа,33141297,UA59100070010055907,5921555500,urban village,есманьськаесманьськазагальноосвтняшкола3ступен,"2022, 2023"
"комунальний заклад Есманьської селищної ради ""Есманьська загальноосвітня школа I-III ступенів""",середня загальноосвітня школа,33141297,UA59100070010055907,5921555500,urban village,есманьськаесманьськазагальноосвтняшкола3ступен,"2024, 2025"
Есманьська загальноосвітня школа I-III ступенів Глухівської районної ради Сумської області,середня загальноосвітня школа,33141297,UA59100070010055907,5921555500,urban village,есманьськазагальноосвтняшкола3ступглухвська,"2017, 2018, 2019, 2020"
Червонянська загальноосвітня школа I-III ступенів Глухівської районної ради Сумської області,середня загальноосвітня школа,33141297,UA59100070010055907,5921555500,urban village,червонянськазагальноосвтняшкола3ступглухвська,2016
"Пустогородський навчально-виховний комплекс: загальноосвітня школа I-III ступенів, дошкільний навчальний заклад ""Фіалка"" Глухівської районної ради Сумської області",навчально-виховний комплекс,33141297,UA59100070150016589,5921585201,village,пустогородськийнавчальновиховнийкомплексзагальноосвтняшкола3ступдошкльнийнавчальнийзакладфалкаглухвська,"2016, 2017, 2018"
Есманьська загальноосвітня школа І-ІІІ ступенів Есманьської селищної ради Шосткинського району Сумської області,середня загальноосвітня школа,33141297,UA59100070010055907,5921555500,urban village,есманьськазагальноосвтняшкола3ступесманьська,2021
"Лисянський навчально-виховний комплекс ""Загальноосвітня школа І-ІІІ ступенів №1 - гімназія"" Лисянської районної ради Черкаської області",середня загальноосвітня школа,33220394,UA71020190010039509,7122855100,urban village,лисянськийнавчальновиховнийкомплексзагальноосвтняшкола3ступ1гмназялисянська,"2016, 2017, 2018"
"Хижинський навчально-виховний комплекс ""Дошкільний навчальний заклад - загальноосвітня школа І-ІІІ ступенів"" імені Є.К.Тищика Лисянської районної ради Черкаської області",навчально-виховний комплекс,33220394,UA71020190160067484,7122887601,village,хижинськийнавчальновиховнийкомплексдошкльнийнавчальнийзакладзагальноосвтняшкола3ступменктищикалисянська,"2016, 2018"
"опорний заклад ""Лисянський ліцей №1"" Лисянської селищної ради Черкаської області",ліцей,33220394,UA71020190010039509,7122855100,urban village,опорнийзакладлисянськийлцей1лисянська,"2023, 2024, 2025"
"Комунальний опорний заклад ""Лисянський навчально-виховний комплекс ""Загальноосвітня школа І-ІІІ ступенів №1 - гімназія - дошкільний навчальний заклад"" Лисянської селищної ради Черкаської області""",навчально-виховний комплекс,33220394,UA71020190010039509,7122855100,urban village,лисянськийнавчальновиховнийкомплексзагальноосвтняшкола3ступ1гмназядошкльнийнавчальнийзакладлисянська,2020
"Комунальний опорний заклад ""Лисянський навчально-виховний комплекс ""Загальноосвітня школа І-ІІІ ступенів №1 - гімназія - дошкільний навчальний заклад"" Лисянської селищної ради Черкаської області",навчально-виховний комплекс,33220394,UA71020190010039509,7122855100,urban village,лисянськийнавчальновиховнийкомплексзагальноосвтняшкола3ступ1гмназядошкльнийнавчальнийзакладлисянська,"2021, 2022"
"Комунальний опорний заклад ""Лисянський навчально-виховний комплекс ""Загальноосвітня школа І-ІІІ ступенів №1 - гімназія - дошкільний навчальний заклад"" Лисянської районної ради Черкаської області""",навчально-виховний комплекс,33220394,UA71020190010039509,7122855100,urban village,лисянськийнавчальновиховнийкомплексзагальноосвтняшкола3ступ1гмназядошкльнийнавчальнийзакладлисянська,2019
Корсунь-Шевченківський ліцей Корсунь-Шевченківської міської ради Черкаської області,ліцей,33246632,UA71080170010098381,7122510100,town,корсуньшевченквськийлцейкорсуньшевченквська,"2024, 2025"
Корсунь-Шевченківська гімназія Корсунь-Шевченківської міської ради Черкаської області,гімназія,33246632,UA71080170010098381,7122510100,town,корсуньшевченквськагмназякорсуньшевченквська,"2022, 2023"
Корсунь- Шевченківський ліцей Корсунь-Шевченківської районної ради Черкаської області,ліцей,33246632,UA71080170010098381,7122510100,town,корсуньшевченквськийлцейкорсуньшевченквська,"2017, 2018, 2019, 2020, 2021"
Корсунь-Шевченківська гімназія Корсунь-Шевченківської міської ради Черкаської області,ліцей,33246632,UA71080170010098381,7122510100,town,корсуньшевченквськагмназякорсуньшевченквська,2024
Гімназія Корсунь-Шевченківської районної ради Черкаської області,гімназія,33246632,UA71080170010098381,7122510100,town,гмназякорсуньшевченквська,"2016, 2017, 2018, 2019, 2020, 2021"
Корсунь- Шевченківський ліцей Корсунь-Шевченківської міської ради Черкаської області,ліцей,33246632,UA71080170010098381,7122510100,town,корсуньшевченквськийлцейкорсуньшевченквська,"2022, 2023"
Чечеліївська філія Новостародубського ліцею Петрівської селищної ради Олександрійського району Кіровоградської області,ліцей,33249675,UA35080110390092859,3524986601,village,чечелвськафляновостародубськоголцеюпетрвська,2023
Новостародубська загальноосвітня школа І-ІІІ ступенів Петрівської районної ради,середня загальноосвітня школа,33249675,UA35080110240047612,3524983701,village,новостародубськазагальноосвтняшкола3ступпетрвська,"2016, 2017, 2018, 2019, 2020"
Новостародубський ліцей Петрівської селищної ради Олександрійського району Кіровоградської області,ліцей,33249675,UA35080110240047612,3524983701,village,новостародубськийлцейпетрвська,"2023, 2024, 2025"
Балахівська філія Новостародубського ліцею Петрівської селищної ради Олександрійського району Кіровоградської області,гімназія,33249675,UA35080110020037819,3524955300,urban village,балахвськафляновостародубськоголцеюпетрвська,2025
Новостародубська загальноосвітня школа І-ІІІ ступенів Петрівської селищної ради Олександрійського району Кіровоградської області,середня загальноосвітня школа,33249675,UA35080110240047612,3524983701,village,новостародубськазагальноосвтняшкола3ступпетрвська,"2021, 2022"
"опорний заклад освіти ""Балаклеївський ліцей імені Євгенії Гуглі"" Балаклеївської сільської ради Черкаської області",ліцей,33319113,UA71080010010092649,7123780501,village,опорнийзакладосвтибалаклевськийлцейменвгенгуглбалаклевська,"2024, 2025"
Балаклеївський ліцей - заклад загальної середньої освіти імені Євгенії Гуглі Балаклеївської сільської ради Смілянського району Черкаської області,ліцей,33319113,UA71080010010092649,7123780501,village,балаклевськийлцейменвгенгуглбалаклевська,2020
"Балаклеївська філія №1 опорного закладу освіти ""Балаклеївський ліцей імені Євгенії Гуглі"" Балаклеївської сільської ради Черкаської області",гімназія,33319113,UA71080010010092649,7123780501,village,балаклевськафля1опорногозакладуосвтибалаклевськийлцейменвгенгуглбалаклевська,2023
Балаклеївська спеціалізована школа І-ІІІ ступенів №1 імені Є.Гуглі Смілянського району Черкаської області,спеціалізована школа,33319113,UA71080010010092649,7123780501,village,балаклевськаспецалзованашкола3ступ1менгугл,"2016, 2017, 2018, 2019"
"Опорний заклад освіти ""Балаклеївський ліцей імені Євгенії Гуглі"" Балаклеївської сільської ради Черкаської області",ліцей,33319113,UA71080010010092649,7123780501,village,опорнийзакладосвтибалаклевськийлцейменвгенгуглбалаклевська,"2021, 2022, 2023"
Комунальний заклад «Ліцей №2 Долинської міської ради»,ліцей,33321337,UA35040110010034377,3521910100,town,лцей2долинська,2023
"Комунальний заклад ""Долинський опорний заклад загальної середньої освіти I-III ступенів № 4 Долинської міської ради""",середня загальноосвітня школа,33321337,UA35040110010034377,3521910100,town,долинськийопорний3ступ4долинська,"2021, 2022"
Долинська загальноосвітня школа I-III ступенів № 4 Долинської районної державної адміністрації,середня загальноосвітня школа,33321337,UA35040110010034377,3521910100,town,долинськазагальноосвтняшкола3ступ4долинськадержавнаадмнстрац,2016
Долинська загальноосвітня школа I-III ступенів №4,середня загальноосвітня школа,33321337,UA26060130010099427,2622010100,town,долинськазагальноосвтняшкола3ступ4,"2016, 2017"
Комунальний заклад «Академічний ліцей Долинської міської ради»,ліцей,33321337,UA35040110010034377,3521910100,town,академчнийлцейдолинська,"2024, 2025"
"Комунальний заклад ""Долинська загальноосвітня школа I-III ступенів № 4 Долинської районної ради""",середня загальноосвітня школа,33321337,UA35040110010034377,3521910100,town,долинськазагальноосвтняшкола3ступ4долинська,"2017, 2018, 2019, 2020"
"Варварівська філія І ступеня комунального закладу ""Боківський опорний заклад загальної середньої освіти I-III ступенів Гурівської сільської ради""",початкова школа,33321363,UA35040070050024101,3521981301,village,варварвськафляступбоквськийопорний3ступгурвська,2023
"Комунальний заклад «Ліцей ""Інтелект"" Долинської міської ради»",ліцей,33321363,UA35040110010034377,3521910100,town,лцейнтелектдолинська,"2024, 2025"
Комунальний заклад «Ліцей №1 Долинської міської ради»,ліцей,33321363,UA35040110010034377,3521910100,town,лцей1долинська,2023
"Комунальний заклад ""Навчально-виховний комплекс ""Долинська гімназія - загальноосвітня школа I-III ступенів № 3 Долинської районної ради""",навчально-виховний комплекс,33321363,UA35040110010034377,3521910100,town,навчальновиховнийкомплексдолинськагмназязагальноосвтняшкола3ступ3долинська,"2017, 2018, 2019, 2020"
"Комунальний заклад ""Долинський опорний заклад загальної середньої освіти - гімназія I-III ступенів № 3 Долинської міської ради""",навчально-виховний комплекс,33321363,UA35040110010034377,3521910100,town,долинськийопорнийгмназя3ступ3долинська,2021
"Комунальний заклад ""Долинський опорний заклад загальної середньої освіти - гімназія I-III ступенів № 3 Долинської міської ради""",гімназія,33321363,UA35040110010034377,3521910100,town,долинськийопорнийгмназя3ступ3долинська,2022
"Навчально-виховний комплекс ""Долинська гімназія - загальноосвітня школа I-III ступенів № 3"" Долинської районної державної адміністрації",навчально-виховний комплекс,33321363,UA35040110010034377,3521910100,town,навчальновиховнийкомплексдолинськагмназязагальноосвтняшкола3ступ3долинськадержавнаадмнстрац,2016
"комунальний заклад ""Верблюзький навчально-виховний комплекс ""Загальноосвітня школа I-IІI ступенів - дошкільний навчальний заклад - центр позашкільної освіти"" Новгородківської селищної ради Кіровоградської області",навчально-виховний комплекс,33329116,UA35040230060045506,3523480401,village,верблюзькийнавчальновиховнийкомплексзагальноосвтняшкола3ступдошкльнийнавчальнийзакладцентрпозашкльнаосвтиновгородквська,2023
Комунальний заклад «Верблюзький навчально-виховний комплекс «Загальноосвітня школа І-ІІІ ступенів – дошкільний навчальний заклад – центр позашкільної освіти» Новгородківської районної ради Кіровоградської області»,навчально-виховний комплекс,33329116,UA35040230060045506,3523480401,village,верблюзькийнавчальновиховнийкомплексзагальноосвтняшкола3ступдошкльнийнавчальнийзакладцентрпозашкльнаосвтиновгородквська,"2018, 2019, 2020"
Комунальний заклад «Верблюзький навчально-виховний комплекс «Загальноосвітня школа І-ІІІ ступенів – дошкільний навчальний заклад – центр позашкільної освіти» Новгородківської селищної ради Кіровоградської області,навчально-виховний комплекс,33329116,UA35040230060045506,3523480401,village,верблюзькийнавчальновиховнийкомплексзагальноосвтняшкола3ступдошкльнийнавчальнийзакладцентрпозашкльнаосвтиновгородквська,"2021, 2022"
"Петрокорбівський навчально-виховний комплекс ""Загальноосвітня школа І-ІІІ ступенів - дошкільний навчальний заклад"" Новгородківської районної ради",навчально-виховний комплекс,33329116,UA35040230200088959,3523484701,village,петрокорбвськийнавчальновиховнийкомплексзагальноосвтняшкола3ступдошкльнийнавчальнийзакладновгородквська,"2016, 2017"
Верблюзький ліцей Кам'янецької селищної ради Кропивницького району Кіровоградської області,ліцей,33329116,UA35040230060045506,3523480401,village,верблюзькийлцейкамянецька,2025
Верблюзький ліцей Новгородківської селищної ради Кропивницького району Кіровоградської області,ліцей,33329116,UA35040230060045506,3523480401,village,верблюзькийлцейновгородквська,2024
"Верблюзький навчально-виховний комплекс ""загальноосвітня школа І-ІІІ ступенів - дошкільний навчальний заклад - центр позашкільної освіти"" Новгородківської районної ради",навчально-виховний комплекс,33329116,UA35040230060045506,3523480401,village,верблюзькийнавчальновиховнийкомплексзагальноосвтняшкола3ступдошкльнийнавчальнийзакладцентрпозашкльнаосвтиновгородквська,"2016, 2017"
Комунальний заклад «Новгородківський навчально-виховний комплекс «Загальноосвітня школа І-ІІІ ступенів – дошкільний навчальний заклад» Новгородківської районної ради Кіровоградської області»,навчально-виховний комплекс,33329158,UA35040230010012861,3523455100,urban village,новгородквськийнавчальновиховнийкомплексзагальноосвтняшкола3ступдошкльнийнавчальнийзакладновгородквська,"2018, 2019, 2020"
Ліцей Новгородківської селищної ради Кропивницького району Кіровоградської області,ліцей,33329158,UA35040230010012861,3523455100,urban village,лцейновгородквська,"2023, 2024"
Ліцей Кам'янецької селищної ради Кропивницького району Кіровоградської області,ліцей,33329158,UA35040230010012861,3523455100,urban village,лцейкамянецька,2025
Комунальний заклад «Новгородківський навчально-виховний комплекс «Загальноосвітня школа І-ІІІ ступенів – дошкільний навчальний заклад» Новгородківської селищної ради Кіровоградської області,навчально-виховний комплекс,33329158,UA35040230010012861,3523455100,urban village,новгородквськийнавчальновиховнийкомплексзагальноосвтняшкола3ступдошкльнийнавчальнийзакладновгородквська,"2021, 2022"
"Білозернівський навчально-виховний комплекс ""Загальноосвітня школа І-ІІІ ступенів - дошкільний навчальний заклад"" Новгородківської районної ради",навчально-виховний комплекс,33329158,UA35040230030056830,3523482402,village,блозернвськийнавчальновиховнийкомплексзагальноосвтняшкола3ступдошкльнийнавчальнийзакладновгородквська,"2016, 2017"
Кам'янецька філія Ліцею Кам'янецької селищної ради Кропивницького району Кіровоградської області,навчально-виховний комплекс,33329158,UA35040230010012861,3523455100,urban village,камянецькафлялцеюкамянецька,2025
Білозернівська філія Ліцею Новгородківської селищної ради Кропивницького району Кіровоградської області,навчально-виховний комплекс,33329158,UA35040230030056830,3523482402,village,блозернвськафлялцеюновгородквська,2023
"Новгородківський навчально-виховний комплекс ""Загальноосвітня школа І-ІІІ ступенів з поглибленим вивченням предметів - центр довузівської підготовки"" Новгородківської районної ради",навчально-виховний комплекс,33329158,UA35040230010012861,3523455100,urban village,новгородквськийнавчальновиховнийкомплексзагальноосвтняшкола3ступзпоглибленимвивченямпредметвцентрдовузвськапдготовкиновгородквська,"2016, 2017"
Новгородківська філія імені заслуженого вчителя України П.Ф. Козуля Ліцею Новгородківської селищної ради Кропивницького району Кіровоградської області,навчально-виховний комплекс,33329158,UA35040230010012861,3523455100,urban village,новгородквськафлямензаслуженоговчителяукранипфкозулялцеюновгородквська,2023
Новгородківська філія Ліцею Новгородківської селищної ради Кропивницького району Кіровоградської області,навчально-виховний комплекс,33329158,UA35040230010012861,3523455100,urban village,новгородквськафлялцеюновгородквська,2023
Опорний заклад загальної середньої освіти «Бужанський ліцей Бужанської сільської ради Звенигородського району Черкаської області»,середня загальноосвітня школа,33329755,UA71020010010048767,7122881601,village,опорнийбужанськийлцейбужанська,"2023, 2024, 2025"
"Комунальний опорний заклад """"Бужанський навчально - виховний комплекс ""Загальноосвітня школа І - ІІІ ступенів - Дошкільний навчальний заклад"" Лисянської районної ради Черкаської області»",середня загальноосвітня школа,33329755,UA71020010010048767,7122881601,village,бужанськийнавчальновиховнийкомплексзагальноосвтняшкола3ступдошкльнийнавчальнийзакладлисянська,2019
"Комунальний опорний заклад """"Бужанський навчально - виховний комплекс ""Загальноосвітня школа І - ІІІ ступенів - дошкільний навчальний заклад"" Бужанської сільської ради Лисянського району Черкаської області»",середня загальноосвітня школа,33329755,UA71020010010048767,7122881601,village,бужанськийнавчальновиховнийкомплексзагальноосвтняшкола3ступдошкльнийнавчальнийзакладбужанська,"2020, 2021, 2022"
Бужанська загальноосвітня школа І-ІІІ ступенів Лисянської районної ради Черкаської області,середня загальноосвітня школа,33329755,UA71020010010048767,7122881601,village,бужанськазагальноосвтняшкола3ступлисянська,"2016, 2017, 2018"
"Кам'янобрідський навчально-виховний комплекс ""Дошкільний навчальний заклад - загальноосвітня школа І-ІІІ ступенів"" Лисянської районної ради Черкаської області",навчально-виховний комплекс,33329755,UA71020010030087573,7122884001,village,камянобрдськийнавчальновиховнийкомплексдошкльнийнавчальнийзакладзагальноосвтняшкола3ступлисянська,"2016, 2017"
"Озерський НВК КЗ ""Павлівське НВО""",навчально-виховний комплекс,33331779,UA35080170070041739,3525285801,village,озерськийнавчальновиховнийкомплекспавлвськенв,2019
"Комунальний заклад ""Павлівський ліцей ""Гранд"" Світловодської міської ради",навчально-виховний комплекс,33331779,UA35080170090034627,3525286901,village,павлвськийлцейграндсвтловодська,2023
"Комунальний заклад ""Павлівський ліцей ""Гранд"" Світловодської міської ради",ліцей,33331779,UA35080170090034627,3525286901,village,павлвськийлцейграндсвтловодська,"2022, 2024, 2025"
"Комунальний заклад ""Павлівське навчально-виховне об'єднання Світловодської районної ради Кіровградської області""",навчально-виховне об'єднання,33331779,UA35080170090034627,3525286901,village,павлвськенавчальновиховнеобднанясвтловодська,2017
Павлівська загальноосвітня школа І-ІІІ ступенів Світловодської районної державної адміністрації,середня загальноосвітня школа,33331779,UA35080170090034627,3525286901,village,павлвськазагальноосвтняшкола3ступсвтловодськадержавнаадмнстрац,2016
"Комунальний заклад ""Павлівське навчально-виховне об'єднання ""Загальноосвітня школа І-ІІІ ступенів - дошкільний навчальний заклад"" Світловодської міської ради",навчально-виховне об'єднання,33331779,UA35080170090034627,3525286901,village,павлвськенавчальновиховнеобднанязагальноосвтняшкола3ступдошкльнийнавчальнийзакладсвтловодська,2021
"Комунальний заклад ""Павлівське навчально-виховне об'єднання ""Загальноосвітня школа І-ІІІ ступенів - дошкільний навчальний заклад"" Світловодської районної ради Кіровоградської області""",навчально-виховне об'єднання,33331779,UA35080170090034627,3525286901,village,павлвськенавчальновиховнеобднанязагальноосвтняшкола3ступдошкльнийнавчальнийзакладсвтловодська,"2018, 2019, 2020"
"Комунальний заклад ""Богданівська загальноосвітня школа І-ІІІ ступенів""",середня загальноосвітня школа,33361521,UA12120010010068638,1223581301,village,богданвськазагальноосвтняшкола3ступен,"2016, 2017, 2018"
Богданівська загальноосвітня школа І-ІІІ ступенів № 2 Знам'янської районної ради,середня загальноосвітня школа,33361521,UA35040310030091876,3522280401,village,богданвськазагальноосвтняшкола3ступ2знамянська,"2016, 2017"
Хорошівська загальноосвітня школа I-III ступенів,середня загальноосвітня школа,33384994,UA68060030550025174,6820389001,village,хорошвськазагальноосвтняшкола3ступен,"2016, 2017, 2018"
Хорошівська загальноосвітня школа І-ІІІ ступенів з музично-хореографічним профілем Петропавлівської районної ради Дніпропетровської області,середня загальноосвітня школа,33384994,UA12140010170021631,1223887101,village,хорошвськазагальноосвтняшкола3ступзмузичнохореографчнимпрофлемпетропавлвська,"2016, 2017, 2018, 2019, 2020"
Хорошівська загальноосвітня школа І-ІІІ ступенів з музично-хореографічним профілем Брагинівської сільської ради Синельниківського району Дніпропетровської області,середня загальноосвітня школа,33384994,UA12140010170021631,1223887101,village,хорошвськазагальноосвтняшкола3ступзмузичнохореографчнимпрофлембрагинвська,2022
Хорошівська загальноосвітня школа І-ІІІ ступенів з музично-хореографічним профілем Брагинівської сільської ради Петропавлівського району Дніпропетровської області,середня загальноосвітня школа,33384994,UA12140010170021631,1223887101,village,хорошвськазагальноосвтняшкола3ступзмузичнохореографчнимпрофлембрагинвська,2021
"""ЧОРНЯНСЬКИЙ ОПОРНИЙ ЗАКЛАД ЗАГАЛЬНОЇ СЕРЕДНЬОЇ ОСВІТИ І-ІІІ СТУПЕНІВ ОКНЯНСЬКОЇ СЕЛИЩНОЇ РАДИ ПОДІЛЬСЬКОГО РАЙОНУ ОДЕСЬКОЇ ОБЛАСТІ""",середня загальноосвітня школа,33465423,UA51120150530064462,5123185701,village,чорнянськийопорний3ступокнянська,2022
"Комунальний опорний заклад освіти ""Чорнянська загальноосвітня школа I-III ступенів Oкнянської селищної ради окнянського району Одеської області",середня загальноосвітня школа,33465423,UA51120150530064462,5123185701,village,чорнянськазагальноосвтняшкола3ступокнянська,2021
«ЧОРНЯНСЬКИЙ ОПОРНИЙ ЛІЦЕЙ З ПОЧАТКОВОЮ ШКОЛОЮ ТА ГІМНАЗІЄЮ ОКНЯНСЬКОЇ СЕЛИЩНОЇ РАДИ ПОДІЛЬСЬКОГО РАЙОНУ ОДЕСЬКОЇ ОБЛАСТІ»,ліцей,33465423,UA51120150530064462,5123185701,village,чорнянськийопорнийлцейзпочатковоюшколоютагмназюокнянська,"2023, 2024, 2025"
Чорнянська загальноосвітня школа I-III ступенів,навчально-виховний комплекс,33465423,UA68020290430043726,6825289001,village,чорнянськазагальноосвтняшкола3ступен,2016
"Комунальний опорний заклад освіти ""Чорнянська загальноосвітня школа I-III ступенів Oкнянського району Одеської області""",середня загальноосвітня школа,33465423,UA51120150530064462,5123185701,village,чорнянськазагальноосвтняшкола3ступен,"2019, 2020"
Чорнянська загальноосвітня школа I-III ступенів Oкнянського району,середня загальноосвітня школа,33465423,UA51120150530064462,5123185701,village,чорнянськазагальноосвтняшкола3ступен,"2017, 2018"
Чорнянська загальноосвітня школа I-III ступенів,середня загальноосвітня школа,33465423,UA68020290430043726,6825289001,village,чорнянськазагальноосвтняшкола3ступен,"2017, 2018, 2020"
"Чорнянська загальноосвітня школа I-III ступенів Красноокнянського району
",середня загальноосвітня школа,33465423,UA51120150530064462,5123185701,village,чорнянськазагальноосвтняшкола3ступен,2016
"Комунальний заклад Сумської обласної ради ""Сумський обласний академічний ліцей імені Дмитра Євдокимова""",ліцей,33724309,UA59080270010287243,5910136600,city,сумськаобласнасумськийобласнийакадемчнийлцеймендмитравдокимов,"2024, 2025"
Комунальний заклад Сумської обласної ради - Сумська обласна гімназія-інтернат для талановитих та творчо обдарованих дітей,гімназія,33724309,UA59080270010287243,5910136600,city,сумськаобласнасумськаобласнагмназянтернатдляталановитихтатворчообдарованихдте,"2016, 2017, 2018, 2019, 2020, 2021"
"Роменське відділення комунального закладу Сумської обласної ради ""Сумська обласна гімназія-інтернат для талановитих та творчо обдарованих дітей""",гімназія,33724309,UA59060110010062596,5910700000,town,роменськевддленясумськаобласнасумськаобласнагмназянтернатдляталановитихтатворчообдарованихдте,2017
"Комунальний заклад Сумської обласної ради ""Сумська обласна гімназія-інтернат для талановитих та творчо обдарованих дітей""",гімназія,33724309,UA59080270010287243,5910136600,city,сумськаобласнасумськаобласнагмназянтернатдляталановитихтатворчообдарованихдте,"2022, 2023"
"Комунальний заклад ""Опорний заклад ""Кодимський заклад загальної середньої освіти №2"" Кодимської міської ради Одеської області",навчально-виховний комплекс,33775772,UA51120090010012317,5122510100,town,опорнийзакладкодимський2кодимська,"2021, 2022"
"Пиріжнянський навчально-виховний комплекс ""Загальноосвітня школа I-III ступенів - дошкільний навчальний заклад"" Кодимської районної ради Одеської області
",навчально-виховний комплекс,33775772,UA51120090130079081,5122584101,village,пиржнянськийнавчальновиховнийкомплексзагальноосвтняшкола3ступдошкльнийнавчальнийзакладкодимська,2016
" Івашківський навчально-виховний комплекс ""Загальноосвітня школа I-III ступенів - дошкільний навчальний заклад"" Кодимської районної ради Одеської області
",навчально-виховний комплекс,33775772,UA51120090060088330,5122582601,village,вашквськийнавчальновиховнийкомплексзагальноосвтняшкола3ступдошкльнийнавчальнийзакладкодимська,2016
"Кодимський навчально-виховний комплекс ""Загальноосвітня школа І-ІІІ ступенів -дошкільний навчальний заклад""",навчально-виховний комплекс,33775772,UA51120090010012317,5122510100,town,кодимськийнавчальновиховнийкомплексзагальноосвтняшкола3ступдошкльнийнавчальнийзакла,2017
"комунальний заклад опорний заклад ""Кодимський навчально-виховний комплекс ""Загальноосвітня школа І-ІІІ ступенів -дошкільний навчальний заклад"" Кодимської районної ради Одеської області""",навчально-виховний комплекс,33775772,UA51120090010012317,5122510100,town,опорнийзакладкодимськийнавчальновиховнийкомплексзагальноосвтняшкола3ступдошкльнийнавчальнийзакладкодимська,2018
"Івашківський навчально-виховний комплекс ""Загальноосвітня школа I-III ступенів - дошкільний навчальний заклад"" Кодимської районної ради Одеської області",навчально-виховний комплекс,33775772,UA51120090060088330,5122582601,village,вашквськийнавчальновиховнийкомплексзагальноосвтняшкола3ступдошкльнийнавчальнийзакладкодимська,2017
"Кодимський навчально-виховний комплекс ""Загальноосвітня школа І-ІІІ ступенів -дошкільний навчальний заклад""
",навчально-виховний комплекс,33775772,UA51120090010012317,5122510100,town,кодимськийнавчальновиховнийкомплексзагальноосвтняшкола3ступдошкльнийнавчальнийзакла,2016
Комунальний заклад «Опорний заклад «Кодимський ліцей № 2» Кодимської міської ради Подільського району Одеської області,ліцей,33775772,UA51120090010012317,5122510100,town,опорнийзакладкодимськийлцей2кодимська,"2023, 2024, 2025"
"комунальний заклад ""Опорний заклад ""Кодимський навчально-виховний комплекс ""Загальноосвітня школа І-ІІІ ступенів -дошкільний навчальний заклад"" Кодимської районної ради Одеської області",навчально-виховний комплекс,33775772,UA51120090010012317,5122510100,town,опорнийзакладкодимськийнавчальновиховнийкомплексзагальноосвтняшкола3ступдошкльнийнавчальнийзакладкодимська,"2019, 2020"
"Відокремлений структурний підрозділ ""Костопільський будівельно-технологічний фаховий коледж Національного університету водного господарства та природокористування""",заклад фахової передвищої освіти,33871775,UA56060350010063070,5623410100,town,костопльськийбудвельнотехнологчнийколеджнацональногоунверситетуводногогосподарстватаприродокористуван,"2021, 2022, 2023, 2024, 2025"
Костопільський будівельно-технологічний коледж Національного університету водного господарства та природокористування,заклад вищої освіти,33871775,UA56060350010063070,5623410100,town,костопльськийбудвельнотехнологчнийколеджнацональногоунверситетуводногогосподарстватаприродокористуван,"2019, 2020"
Костопільська філія Рівненського державного базового медичного коледжу,вищий навчальний заклад I-II рівнів акредитації,33871775,UA56060350010063070,5623410100,town,костопльськафлярвненськогодержавногобазовогомедичногоколедж,2018
Костопільський будівельно-технологічний коледж Національного університету водного господарства та природокористування,вищий навчальний заклад I-II рівнів акредитації,33871775,UA56060350010063070,5623410100,town,костопльськийбудвельнотехнологчнийколеджнацональногоунверситетуводногогосподарстватаприродокористуван,2018
ОПОРНИЙ ЗАКЛАД ВАСИЛІВСЬКИЙ ЛІЦЕЙ ВИГОДЯНСЬКОЇ СІЛЬСЬКОЇ РАДИ,ліцей,33952539,UA51100090040053654,5121081001,village,опорнийзакладвасилвськийлцейвигодянська,"2024, 2025"
Василівська загальноосвітня школа I-III ступенів Біляївського району,середня загальноосвітня школа,33952539,UA51100090040053654,5121081001,village,василвськазагальноосвтняшкола3ступен,"2016, 2017, 2018, 2019, 2020"
Василівська загальноосвітня школа I-III ступенів Болградського району Одеської області,середня загальноосвітня школа,33952539,UA51060070010082409,5121481001,village,василвськазагальноосвтняшкола3ступен,2016
Василівський заклад загальної середньої освіти І-ІІІ ступенів Вигодянської сільської ради,середня загальноосвітня школа,33952539,UA51100090040053654,5121081001,village,василвський3ступвигодянська,"2021, 2022"
ВАСИЛІВСЬКИЙ ЛІЦЕЙ ВИГОДЯНСЬКОЇ СІЛЬСЬКОЇ РАДИ,ліцей,33952539,UA51100090040053654,5121081001,village,василвськийлцейвигодянська,2023
Кам'янська загальноосвітня школа I-III ступенів Біляївського району,середня загальноосвітня школа,34203921,UA51100090070097605,5121083201,village,камянськазагальноосвтняшкола3ступен,"2016, 2017, 2018, 2019, 2020"
Кам'янський заклад загальної середньої освіти Вигодянської сільської ради,середня загальноосвітня школа,34203921,UA51100090070097605,5121083201,village,камянськийвигодянська,2021
Кам'янський заклад загальної середньої освіти І-ІІІ ступенів Вигодянської сільської ради,середня загальноосвітня школа,34203921,UA51100090070097605,5121083201,village,камянський3ступвигодянська,2022
"Кам'янська загальноосвітня школа I-III ступенів, Роздільнянського району Одеської області",середня загальноосвітня школа,34203921,UA51140130210012062,5123982601,village,камянськазагальноосвтняшкола3ступен,2017
Чабанівська загальноосвітня школа I-III ступенів,середня загальноосвітня школа,34302053,UA68020270130037680,6822489501,village,чабанвськазагальноосвтняшкола3ступен,2016
Чабанівська загальноосвітня школа I-III ступенів Новоайдарської районної ради Луганської області,середня загальноосвітня школа,34302053,UA44120110170052805,4423188001,village,чабанвськазагальноосвтняшкола3ступновоайдарська,"2017, 2018, 2019, 2020"
Чабанівська загальноосвітня школа I-III ступенів,середня загальноосвітня школа,34302053,UA44120110170052805,4423188001,village,чабанвськазагальноосвтняшкола3ступен,2016
"Комунальний заклад ""Великочернігівська спеціалізована школа І-ІІІ ступенів з поглибленим вивченням окремих предметів та курсів Станично-Луганського району Луганської області""",спеціалізована школа,34379021,UA44160010030028376,4424881001,village,великочернгвськаспецалзованашкола3ступзпоглибленимвивченямокремихпредметвтакурс,"2016, 2017, 2018"
"Комунальний опорний заклад ""Великочернігівська спеціалізована школа Станично-Луганського району Луганської області""",спеціалізована школа,34379021,UA44160010030028376,4424881001,village,великочернгвськаспецалзованашкол,"2019, 2020, 2021"
Великочернігівська загальноосвітня школа I-III ступенів Овруцького району Житомирської області,середня загальноосвітня школа,34379021,UA18060170120088929,1824210108,village,великочернгвськазагальноосвтняшкола3ступен,"2016, 2017"
"Комунальний заклад ""Петропавлівська загальноосвітня школа № 1 I-III ступенів Станично-Луганського району Луганської області""",середня загальноосвітня школа,34379042,UA44160090020068430,4424855400,urban village,петропавлвськазагальноосвтняшкола13ступен,"2017, 2018, 2019"
"Комунальний заклад ""Петропавлівська загальноосвітня школа № 1 І-ІІІ ступенів Станично-Луганського району Луганської області""",середня загальноосвітня школа,34379042,UA44160090020068430,4424855400,urban village,петропавлвськазагальноосвтняшкола13ступен,"2020, 2021"
"Комунальний заклад ""Петрівська загальноосвітня школа № 1 I-III ступенів Станично-Луганського району Луганської області""",середня загальноосвітня школа,34379042,UA44160090020068430,4424855400,urban village,петрвськазагальноосвтняшкола13ступен,2016
Петропавлівський ліцей №1 Щастинської міської територіальної громади,ліцей,34379042,UA44160090020068430,4424855400,urban village,петропавлвськийлцей1щастинськатериторальнагромад,2022
Петрівська загальноосвітня школа 1-3 ступенів,середня загальноосвітня школа,34379042,UA26040250110086766,2625687601,village,петрвськазагальноосвтняшкола13ступен,2016
Кіровоградська вечірня загальноосвітня школа № 38 при Кіровоградській ВК (№6) управління ДПтС України у Кіровоградській області,Пеніціарна установа,34548369,UA35040210010286392,3510136300,city,кровоградськавечрнязагальноосвтняшкола38прикровоградськйвкуправлнядптсукрани,2016
"КОМУНАЛЬНИЙ ЗАКЛАД ""ЛІЦЕЙ ""ПЕРСПЕКТИВА"" КРОПИВНИЦЬКОЇ МІСЬКОЇ РАДИ""",ліцей,34548369,UA35040210010286392,3510136300,city,лцейперспективакропивницька,2024
Вечірня загальноосвітня школа № 38 Кіровоградської міської ради Кіровоградської області,вечірня (змінна) школа,34548369,UA35040210010286392,3510136300,city,вечрнязагальноосвтняшкола38кровоградська,2016
Вишківський заклад загальної середньої освіти І-ІІІ ступенів №1 Вишківської селищної ради Хустського району Закарпатської області,середня загальноосвітня школа,34901019,UA21120030010077683,2125355300,urban village,вишквський3ступ1вишквська,"2022, 2023"
Вишківська загальноосвітня школа I-III ступенів,середня загальноосвітня школа,34901019,UA26060070030074634,2622055302,village,вишквськазагальноосвтняшкола3ступен,"2016, 2017"
Вишківська загальноосвітня школа І-ІІІ ступенів № 1 Хустської районної державної адміністрації Закарпатської області,середня загальноосвітня школа,34901019,UA21120030010077683,2125355300,urban village,вишквськазагальноосвтняшкола3ступ1хустськадержавнаадмнстрац,"2016, 2017, 2018, 2019, 2020"
Вишківський ліцей №1 Вишківської селищної ради Хустського району Закарпатської області,середня загальноосвітня школа,34901019,UA21120030010077683,2125355300,urban village,вишквськийлцей1вишквська,"2024, 2025"
Вишківський заклад загальної середньої освіти І-ІІІ ступенів №1 Вишківської селищної ради,середня загальноосвітня школа,34901019,UA21120030010077683,2125355300,urban village,вишквський3ступ1вишквська,2021
Кіцманська районна гімназія Кіцманської районної ради Кіцманського району Чернівецької області,гімназія,35377910,UA73060290010095467,7322510100,town,кцманськагмназякцманська,"2016, 2017, 2018"
Опорний заклад освіти Кіцманський ліцей №1 Кіцманської міської ради,середня загальноосвітня школа,35377910,UA73060290010095467,7322510100,town,опорнийзакладосвтикцманськийлцей1кцманська,"2024, 2025"
Кіцманська гімназія Кіцманської міської ради Кіцманського району Чернівецької області,гімназія,35377910,UA73060290010095467,7322510100,town,кцманськагмназякцманська,"2019, 2020"
Кіцманська гімназія Кіцманської міської ради Чернівецького району Чернівецької області,гімназія,35377910,UA73060290010095467,7322510100,town,кцманськагмназякцманська,"2021, 2022"
Кіцманський загальноосвітній навчальний заклад І-ІІІ ступенів Кіцманської районної ради Кіцманського району Чернівецької області,середня загальноосвітня школа,35377910,UA73060290010095467,7322510100,town,кцманськийзагальноосвтнйнавчальнийзаклад3ступкцманська,"2016, 2017, 2018"
"Кіцманський заклад загальної середньої освіти І-ІІІ ступенів ""Кіцманський ліцей"" Кіцманської міської ради",середня загальноосвітня школа,35377910,UA73060290010095467,7322510100,town,кцманський3ступкцманськийлцейкцманська,2023
Комунальний заклад «Білгород-Дністровський педагогічний фаховий коледж»,заклад фахової передвищої освіти,35657567,UA51040010010048834,5110300000,town,блгородднстровськийпедагогчнийколед,"2023, 2024, 2025"
"Структурний підрозділ ""Заклад дошкільної освіти-заклад освіти І ступеня"" Комунального закладу ""Білгород-Дністровський педагогічний фаховий коледж""",середня загальноосвітня школа,35657567,UA51040010010048834,5110300000,town,структурнийпдроздлзакладдошкльнаосвтизакладосвтиступблгородднстровськийпедагогчнийколед,2023
"Комунальний заклад ""Білгород - Дністровський педагогічний коледж""",заклад вищої освіти,35657567,UA51040010010048834,5110300000,town,блгородднстровськийпедагогчнийколед,2020
"Вищий навчальний комунальний заклад ""Білгород - Дністровське педагогічне училище""",заклад вищої освіти,35657567,UA51040010010048834,5110300000,town,вищийнавчальнийблгородднстровськепедагогчнеучилищ,2019
"Вищий навчальний комунальний заклад ""Білгород - Дністровське педагогічне училище""",вищий навчальний заклад I-II рівнів акредитації,35657567,UA51040010010048834,5110300000,town,вищийнавчальнийблгородднстровськепедагогчнеучилищ,2018
"Комунальний заклад ""Білгород - Дністровський педагогічний фаховий коледж""",заклад фахової передвищої освіти,35657567,UA51040010010048834,5110300000,town,блгородднстровськийпедагогчнийколед,2021
"Комунальний заклад ""Білгород-Дністровський педагогічний фаховий коледж""",заклад фахової передвищої освіти,35657567,UA51040010010048834,5110300000,town,блгородднстровськийпедагогчнийколед,2022
"Комунальний заклад ""Білгород-Дністровський педагогічний фаховий коледж""",початкова школа,35657567,UA51040010010048834,5110300000,town,блгородднстровськийпедагогчнийколед,"2024, 2025"
"Комунальний заклад ""Чернігівська вечірня (змінна) загальноосвітня школа ІІ-ІІІ ступенів № 1 Чернігівської міської ради Чернігівської області""",вечірня (змінна) школа,36045905,UA74100390010268220,7410136600,city,чернгвськавечрнязагальноосвтняшкола3ступ1чернгвська,"2017, 2018, 2019, 2020"
"Комунальний заклад ""Чернігівська вечірня (змінна) загальноосвітня школа ІІ-ІІІ ступенів № 1 Чернігівської міської ради Чернігівської області""",Пеніціарна установа,36045905,UA74100390010268220,7410136600,city,чернгвськавечрнязагальноосвтняшкола3ступ1чернгвська,2016
Комунальний заклад вечірня (змінна) загальноосвітня школа ІІ-ІІІ ступенів № 1 Чернігівської міської ради Чернігівської області,вечірня (змінна) школа,36045905,UA74100390010268220,7410136600,city,вечрнязагальноосвтняшкола3ступ1чернгвська,2016
"ВНКЗ ""Балтське педагогічне училище"" Одеської області",вищий навчальний заклад I-II рівнів акредитації,36642931,UA51120030010033524,5110200000,town,внбалтськепедагогчнеучилищ,2018
"ВНКЗ ""Балтське педагогічне училище"" Одеської області",заклад вищої освіти,36642931,UA51120030010033524,5110200000,town,внбалтськепедагогчнеучилищ,2019
"структурний підрозділ ""Заклад початкової освіти І ступення повної загальної середньої освіти комунального закладу ""Балтський педагогічний коледж""",середня загальноосвітня школа,36642931,UA51120030010033524,5110200000,town,структурнийпдроздлзакладпочатковаосвтиступповназагальнасередньаосвтибалтськийпедагогчнийколед,2023
"Комунальний заклад ""Балтський педагогічний фаховий коледж""",заклад фахової передвищої освіти,36642931,UA51120030010033524,5110200000,town,балтськийпедагогчнийколед,"2021, 2022, 2023, 2024, 2025"
"Комунальний заклад ""Балтський педагогічний коледж""",заклад вищої освіти,36642931,UA51120030010033524,5110200000,town,балтськийпедагогчнийколед,2020
Доманівський заклад загальної середньої освіти І-ІІІ ступенів №1,середня загальноосвітня школа,37822438,UA48040090010033302,4822755100,urban village,доманвський3ступ1,"2020, 2021"
"Царедарівська філія Ліцею ""Успіх"" Доманівської селищної ради Миколаївської області",середня загальноосвітня школа,37822438,UA48040090270041449,4822755109,village,царедарвськафлялцеюуспхдоманвська,2023
"Доманівський районний навчально-виховний комплекс ""Доманівська загальноосвітня школа I-III ступенів №1 - Центр дитячої та юнацької творчості"" Доманівської районної ради",навчально-виховний комплекс,37822438,UA48040090010033302,4822755100,urban village,доманвськийийнавчальновиховнийкомплексдоманвськазагальноосвтняшкола3ступ1центрдитячатаюнацькатворчостдоманвська,"2016, 2017"
"Доманівський навчально-виховний комплекс ""Доманівська загальноосвітня школа I-III ступенів №1 - Центр дитячої та юнацької творчості"" Доманівської селищної ради Миколаївської області",навчально-виховний комплекс,37822438,UA48040090010033302,4822755100,urban village,доманвськийнавчальновиховнийкомплексдоманвськазагальноосвтняшкола3ступ1центрдитячатаюнацькатворчостдоманвська,"2018, 2019"
"Ліцей ""Успіх"" Доманівської селищної ради Миколаївської області",ліцей,37822438,UA48040090010033302,4822755100,urban village,лцейуспхдоманвська,"2022, 2023, 2024, 2025"
"ОПОРНИЙ ЗАКЛАД ОСВІТИ КЛІШКОВЕЦЬКОЇ СІЛЬСЬКОЇ РАДИ ДНІСТРОВСЬКОГО РАЙОНУ ЧЕРНІВЕЦЬКОЇ ОБЛАСТІ ""ПОЛЯНСЬКИЙ ЗАКЛАД ЗАГАЛЬНОЇ СЕРЕДНЬОЇ ОСВІТИ І-ІІІ СТУПЕНІВ-ЗАКЛАД ДОШКІЛЬНОЇ ОСВІТИ""",середня загальноосвітня школа,37921242,UA73040050090089228,7325083603,village,опорнийзакладосвтикл3ковецькаполянський3ступзакладдошкльнаосвт,2022
Полянський заклад загальної середньої освіти І-ІІІ ступенів - заклад дошкільної освіти Клішковецької сільської ради Дністровського району Чернівецької області,навчально-виховний комплекс,37921242,UA73040050090089228,7325083603,village,полянський3ступзакладдошкльнаосвтиклшковецька,2021
"Опорний заклад освіти ""Клішковецький ЗЗСО І-ІІІ ст."" Клішковецької сільської ради Дністровського району Чернівецької області",середня загальноосвітня школа,37921242,UA73040050010040433,7325083601,village,опорнийзакладосвтиклшковецький3ступклшковецька,2022
"Полянський навчально-виховний комплекс"" Загальноосвітній навчальний заклад І-ІІІ ступеня- дошкільний навчальний заклад""Полянської сільскої ради Хотинського району Чернівецької області",навчально-виховний комплекс,37921242,UA73040050090089228,7325083603,village,полянськийнавчальновиховнийкомплексзагальноосвтнйнавчальнийзаклад3ступдошкльнийнавчальнийзакладполянська,2016
"Полянський навчально-виховний комплекс"" Загальноосвітній навчальний заклад І-ІІІ ступенів - дошкільний навчальний заклад"" Клішковецької сільскої ради Хотинського району Чернівецької області",навчально-виховний комплекс,37921242,UA73040050090089228,7325083603,village,полянськийнавчальновиховнийкомплексзагальноосвтнйнавчальнийзаклад3ступдошкльнийнавчальнийзакладклшковецька,2017
"Полянський навчально-виховний комплекс"" Загальноосвітній навчальний заклад І-ІІІ ступенів - дошкільний навчальний заклад"" Клішковецької сільської ради Хотинського району Чернівецької області",навчально-виховний комплекс,37921242,UA73040050090089228,7325083603,village,полянськийнавчальновиховнийкомплексзагальноосвтнйнавчальнийзаклад3ступдошкльнийнавчальнийзакладклшковецька,"2018, 2019, 2020"
"Опорний заклад освіти Клішковецької сільської ради Дністровського району Чернівецької області ""Полянський заклад загальної середньої освіти І-ІІІ ступенів - заклад дошкільної освіти""",ліцей,37921242,UA73040050090089228,7325083603,village,опорнийзакладосвтиклшковецькаполянський3ступзакладдошкльнаосвт,"2023, 2024, 2025"
Відокремлений підрозділ «Регіональний центр професійної освіти Луганського національного університету імені Тараса Шевченка» (Старобільське відділення),заклад професійної (професійно-технічної) освіти,40180125,UA44140110010014704,4425110100,town,вдокремленийпдроздлрегональнийцентрпрофесйнаосвтилуганськогонацональногоунверситетументарасашевченк,"2021, 2022"
"Відокремлений підрозділ ""Регіональний центр професійної освіти Державного закладу ""Луганський національний університет імені Тараса Шевченка""",заклад професійної (професійно-технічної) освіти,40180125,UA53080370010183642,5310136400,city,вдокремленийпдроздлрегональнийцентрпрофесйнаосвтидержавногозакладулуганськийнацональнийунверситетментарасашевченк,2023
"Відокремлений підрозділ ""Регіональний центр професійної освіти Луганського національного університету імені Тараса Шевченка"" (Кремінське відділення)",професійний ліцей відповідного профілю,40180125,UA44120030010038707,4421610100,town,вдокремленийпдроздлрегональнийцентрпрофесйнаосвтилуганськогонацональногоунверситетументарасашевченк,2020
"Відокремлений підрозділ ""Регіональний центр професійної освіти Луганського національного університету імені Тараса Шевченка"" (Кремінське відділення)",заклад професійної (професійно-технічної) освіти,40180125,UA44120030010038707,4421610100,town,вдокремленийпдроздлрегональнийцентрпрофесйнаосвтилуганськогонацональногоунверситетументарасашевченк,2021
"Відокремлений підрозділ ""Регіональний центр професійної освіти Луганського національного університету імені Тараса Шевченка"" (Щастинське відділення)",заклад професійної (професійно-технічної) освіти,40180125,UA44160090010046671,4423110100,town,вдокремленийпдроздлрегональнийцентрпрофесйнаосвтилуганськогонацональногоунверситетументарасашевченк,2021
"Відокремлений підрозділ ""Регіональний центр професійної освіти Луганського національного університету імені Тараса Шевченка"" (Щастинське відділення)",професійно-технічне училище відповідного профілю,40180125,UA44160090010046671,4423110100,town,вдокремленийпдроздлрегональнийцентрпрофесйнаосвтилуганськогонацональногоунверситетументарасашевченк,"2018, 2019, 2020"
Відокремлений підрозділ «Регіональний центр професійної освіти Луганського національного університету імені Тараса Шевченка» (Старобільське відділення),професійно-технічне училище відповідного профілю,40180125,UA44140110010014704,4425110100,town,вдокремленийпдроздлрегональнийцентрпрофесйнаосвтилуганськогонацональногоунверситетументарасашевченк,"2018, 2019, 2020"
"Відокремлений підрозділ ""Регіональний центр професійної освіти Луганського національного університету імені Тараса Шевченка"" (Рубіжанське відділення)",заклад професійної (професійно-технічної) освіти,40180125,UA44120090010096548,4412500000,town,вдокремленийпдроздлрегональнийцентрпрофесйнаосвтилуганськогонацональногоунверситетументарасашевченк,"2021, 2022, 2023"
"Відокремлений підрозділ ""Регіональний центр професійної освіти Луганського національного університету імені Тараса Шевченка"" (Рубіжанське відділення)",професійно-технічне училище відповідного профілю,40180125,UA44120090010096548,4412500000,town,вдокремленийпдроздлрегональнийцентрпрофесйнаосвтилуганськогонацональногоунверситетументарасашевченк,"2018, 2019, 2020"
"Відокремлений підрозділ ""Регіональний центр професійної освіти Державного закладу ""Луганський національний університет імені Тараса Шевченка""",заклад професійної (професійно-технічної) освіти,40180125,UA44140110010014704,4425110100,town,вдокремленийпдроздлрегональнийцентрпрофесйнаосвтидержавногозакладулуганськийнацональнийунверситетментарасашевченк,2025
"Комунальний заклад освіти ""Навчально-виховний комплекс № 87 ""школа І-ІІІ ступенів - дошкільний навчальний заклад (дитячий садок)"" Дніпровської міської ради",навчально-виховний комплекс,40506248,UA12020010010475293,1210138400,city,освтинавчальновиховнийкомплекс87школа3ступдошкльнийнавчальнийзакладднпровська,"2018, 2019, 2020, 2021, 2022"
"Комунальний заклад освіти ""Середня загальноосвітня школа №1"" Дніпровської міської ради",середня загальноосвітня школа,40506248,UA12020010010639502,1210137500,city,освтисереднязагальноосвтняшкола1днпровська,"2019, 2020, 2021, 2022, 2023"
"Комунальний заклад освіти ""Середня загальноосвітня школа № 29"" Дніпровської міської ради",середня загальноосвітня школа,40506248,UA12020010010231764,1210137200,city,освтисереднязагальноосвтняшкола29днпровська,"2018, 2019, 2020, 2021, 2022"
"комунальний заклад освіти ""Навчально-виховний комплекс №87 ""школа І-ІІІ ступенів - дошкільний навчальний заклад (дитячий садок)"" Дніпровської міської ради",навчально-виховний комплекс,40506248,UA12020010010475293,1210138400,city,освтинавчальновиховнийкомплекс87школа3ступдошкльнийнавчальнийзакладднпровська,"2023, 2024"
"Комунальний заклад освіти ""Середня загальноосвітня школа №29"" Дніпровської міської ради",середня загальноосвітня школа,40506248,UA12020010010231764,1210137200,city,освтисереднязагальноосвтняшкола29днпровська,2023
"Комунальний заклад ""Красносільське навчально-виховне об'єднання"" Олександрівської районної ради Кіровоградської області",навчально-виховне об'єднання,40594890,UA35040250210028199,3520584001,village,красноенавчальновиховнеобднаняолександрвська,"2019, 2020"
"Комунальний заклад ""Красносільське навчально-виховне обєднання"" Олександрівської районної ради Кіровоградської області",навчально-виховне об'єднання,40594890,UA35040250210028199,3520584001,village,красноенавчальновиховнеобднаняолександрвська,"2017, 2018"
"Комунальний заклад ""Красносільське навчально-виховне об'єднання"" Олександрівської селищної ради Кропивницького району Кіровоградської областіі",навчально-виховне об'єднання,40594890,UA35040250210028199,3520584001,village,красноенавчальновиховнеобднаняолександрвськакровоградськаобласт,2021
"Комунальний заклад ""Красносільський ліцей"" Олександрівської селищної ради Кропивницького району Кіровоградської областіі",навчально-виховне об'єднання,40594890,UA35040250210028199,3520584001,village,красноийлцейолександрвськакровоградськаобласт,"2022, 2023"
"комунальний заклад ""Красносільський ліцей"" Олександрівської селищної ради Кропивницького району Кіровоградської області",ліцей,40594890,UA35040250210028199,3520584001,village,красноийлцейолександрвська,"2024, 2025"
"Вищеверещаківський навчально-виховний комплекс ""загальноосвітній навчальний заклад І-ІІІ ступенів-дошкільний навчальний заклад"" Олександрівської районної державної адміністрації",навчально-виховний комплекс,40594890,UA35040250120066179,3520582001,village,вищеверещаквськийнавчальновиховнийкомплексзагальноосвтнйнавчальнийзаклад3ступдошкльнийнавчальнийзакладолександрвськадержавнаадмнстрац,2016
"Цвітненський навчально-виховний комплекс ""загальноосвітній навчальний заклад І-ІІІ ступенів-дошкільний навчальний заклад"" Олександрівської районної державної адміністрації",навчально-виховний комплекс,40594890,UA35040250510042836,3520588501,village,цвтненськийнавчальновиховнийкомплексзагальноосвтнйнавчальнийзаклад3ступдошкльнийнавчальнийзакладолександрвськадержавнаадмнстрац,2016
"Комунальний заклад ""Олександрівський ліцей №1"" Олександрівської селищної ради Кропивницького району Кіровоградської області",навчально-виховне об'єднання,40594926,UA35040250010018304,3520555100,urban village,олександрвськийлцей1олександрвська,"2022, 2023"
"комунальний заклад ""Олександрівський ліцей №1"" Олександрівської селищної ради Кропивницького району Кіровоградської області",ліцей,40594926,UA35040250010018304,3520555100,urban village,олександрвськийлцей1олександрвська,"2024, 2025"
"Староосотська філія комунального закладу ""Олександрівський ліцей № 1"" Олександрівської селищної ради Кропивницького району Кіровоградської області",середня загальноосвітня школа,40594926,UA35040250460076324,3520587501,village,староосотськафляолександрвськийлцей1олександрвська,2024
"Олександрівська філія комунального закладу ""Олександрівський ліцей №1"" Олександрівської селищної ради Кропивницького району Кіровоградської області",середня загальноосвітня школа,40594926,UA35040250010018304,3520555100,urban village,олександрвськафляолександрвськийлцей1олександрвська,2024
"Бірківський навчально-виховний комплекс ""загальноосвітній навчальний заклад І-ІІІ ступенів - дошкільний навчальний заклад"" Олександрівської районної державної адміністрації",навчально-виховний комплекс,40594931,UA35040250070039587,3520580301,village,брквськийнавчальновиховнийкомплексзагальноосвтнйнавчальнийзаклад3ступдошкльнийнавчальнийзакладолександрвськадержавнаадмнстрац,2016
"Несватківський навчально-виховний комплекс ""загальноосвітня школа І-ІІІ ступенів-дошкільний навчальний заклад"" Олександрівської районної державної адміністрації",навчально-виховний комплекс,40594931,UA35040250300056364,3520584701,village,несватквськийнавчальновиховнийкомплексзагальноосвтняшкола3ступдошкльнийнавчальнийзакладолександрвськадержавнаадмнстрац,2016
"Комунальний заклад ""Олександрівське навчально - виховне об'єднання №2"" Олександрівської районної ради Кіровоградської області",навчально-виховне об'єднання,40594931,UA35040250010018304,3520555100,urban village,олександрвськенавчальновиховнеобднаня2олександрвська,"2018, 2019, 2020"
"Комунальний заклад ""Олександрівський ліцей №2"" Олександрівської селищної ради Кропивницького району Кіровоградської області",навчально-виховне об'єднання,40594931,UA35040250010018304,3520555100,urban village,олександрвськийлцей2олександрвська,"2022, 2023"
"комунальний заклад ""Олександрівський ліцей №2"" Олександрівської селищної ради Кропивницького району Кіровоградської області",ліцей,40594931,UA35040250010018304,3520555100,urban village,олександрвськийлцей2олександрвська,"2024, 2025"
"Комунальний заклад ""Олександрівське навчально - виховне об'єднання №2""  Олександрівської районної ради Кіровоградської області",середня загальноосвітня школа,40594931,UA35040250010018304,3520555100,urban village,олександрвськенавчальновиховнеобднаня2олександрвська,2017
"Комунальний заклад ""Олександрівське навчально - виховне об'єднання №2"" Олександрівської селищної ради Кропивницького району Кіровоградської області",навчально-виховне об'єднання,40594931,UA35040250010018304,3520555100,urban village,олександрвськенавчальновиховнеобднаня2олександрвська,2021
Новоархангельське навчально-виховне об'єднання №1 Новоархангельської районної ради Кіровоградської області,навчально-виховне об'єднання,40779964,UA35020130010010491,3523655100,urban village,новоархангельськенавчальновиховнеобднаня1новоархангельська,"2019, 2020"
"Новоархангельське навчально-виховне об""єднання   №1 Новоархангельської районної ради Кіровоградської області",навчально-виховне об'єднання,40779964,UA35020130010010491,3523655100,urban village,новоархангельськенавчальновиховнеобднаня1новоархангельська,2017
"Новоархангельське навчально-виховне об""єднання №1 Новоархангельської районної ради Кіровоградської області",навчально-виховне об'єднання,40779964,UA35020130010010491,3523655100,urban village,новоархангельськенавчальновиховнеобднаня1новоархангельська,2018
"Скалівська філія Комунального закладу ""Новоархангельський ліцей ""Лідер"" Новоархангельської селищної ради Голованівського району Кіровоградської області",навчально-виховний комплекс,40779964,UA35020130170046322,3523686001,village,скалвськафляновоархангельськийлцейлдерновоархангельська,2023
"Опорний заклад освіти ""Новоархангельський навчально-виховний комплекс ""заклад загальної середньої освіти - І-ІІІ ступенів - гімназія"" Новоархангельської селищної ради Голованівського району Кіровоградської області",середня загальноосвітня школа,40779964,UA35020130010010491,3523655100,urban village,опорнийзакладосвтиновоархангельськийнавчальновиховнийкомплекс3ступгмназяновоархангельська,"2021, 2022"
"Комунальний заклад ""Новоархангельський ліцей ""Лідер"" Новоархангельської селищної ради Голованівського району Кіровоградської області",ліцей,40779964,UA35020130010010491,3523655100,urban village,новоархангельськийлцейлдерновоархангельська,"2023, 2024, 2025"
Тернівська загальноосвітня школа І-ІІІ ступенів Новоархангельської районної ради Кіровоградської області,середня загальноосвітня школа,40781161,UA35020170150055301,3523687001,village,тернвськазагальноосвтняшкола3ступновоархангельська,2016
"Комунальний опорний заклад ""Підвисоцький заклад загальної середньої освіти І-ІІІ ступенів ім.Т.Г.Шевченка"" Підвисоцької сільської ради Голованівського району Кіровоградської області",середня загальноосвітня школа,40781161,UA35020170010014515,3523684201,village,пдвисоцький3ступментгшевченкапдвисоцька,"2021, 2022"
Підвисоцький ліцей ім. Т.Г. Шевченка Підвисоцької сільської ради Голованівського району Кіровоградської області,ліцей,40781161,UA35020170010014515,3523684201,village,пдвисоцькийлцейментгшевченкапдвисоцька,"2024, 2025"
Копенкуватська загальноосвітня школа І-ІІІ ступенів Новоархангельської районної ради Кіровоградської області,середня загальноосвітня школа,40781161,UA35020170060079193,3523682201,village,копенкуватськазагальноосвтняшкола3ступновоархангельська,2016
Підвисоцький ліцей ім. Т.Г.Шевченка Підвисоцької сільської ради Голованівського району Кіровоградської області,ліцей,40781161,UA35020170010014515,3523684201,village,пдвисоцькийлцейментгшевченкапдвисоцька,2023
Підвисоцьке навчально-виховне об'єднання Новоархангельської районної ради Кіровоградської області,навчально-виховне об'єднання,40781161,UA35020170010014515,3523684201,village,пдвисоцькенавчальновиховнеобднаняновоархангельська,"2017, 2018, 2019, 2020"
"Свердликівська філія Комунального закладу ""Торговицький ліцей імені Є.Ф. Маланюка"" Новоархангельської селищної ради Голованівського району Кіровоградської області",середня загальноосвітня школа,40782500,UA35020130150092797,3523685601,village,свердликвськафляторговицькийлцейменфмаланюкановоархангельська,2023
Торговицьке навчально-виховне об'єднання Новоархангельської районної ради Кіровоградської області,навчально-виховне об'єднання,40782500,UA35020130200046398,3523687701,village,торговицькенавчальновиховнеобднаняновоархангельська,"2017, 2018, 2019, 2020"
Кам'янецька загальноосвітня школа І-ІІІ ступенів Новоархангельської районної ради Кіровоградської області,середня загальноосвітня школа,40782500,UA35020130070088283,3523681801,village,камянецьказагальноосвтняшкола3ступновоархангельська,2016
"Комунальний заклад ""Торговицький ліцей імені Є.Ф. Маланюка"" Новоархангельської селищної ради Голованівського району Кіровоградської області",ліцей,40782500,UA35020130200046398,3523687701,village,торговицькийлцейменфмаланюкановоархангельська,"2023, 2024, 2025"
"Опорний заклад освіти ""Торговицький заклад загальної середньої освіти І-ІІІ ступенів імені Є.Ф.Маланюка"" Новоархангельської селищної ради Голованівського району Кіровоградської області",середня загальноосвітня школа,40782500,UA35020130200046398,3523687701,village,опорнийзакладосвтиторговицький3ступменфмаланюкановоархангельська,"2021, 2022"
Веселинівський ліцей Веселинівської селищної ради Миколаївської області,ліцей,41080611,UA48040050010032687,4821755100,urban village,веселинвськийлцейвеселинвська,"2023, 2024, 2025"
Веселинівська загальноосвітня школа I-III ступенів Веселинівської селищної ради Веселинівського району Миколаївської області,середня загальноосвітня школа,41080611,UA48040050010032687,4821755100,urban village,веселинвськазагальноосвтняшкола3ступвеселинвська,2017
Веселинівська загальноосвітня школа I-III ступенів Веселинівської районної ради Миколаївської області,середня загальноосвітня школа,41080611,UA48040050010032687,4821755100,urban village,веселинвськазагальноосвтняшкола3ступвеселинвська,2016
Опорний навчальний заклад Веселинівська загальноосвітня школа I-III ступенів Веселинівської селищної ради Миколаївської області,середня загальноосвітня школа,41080611,UA48040050010032687,4821755100,urban village,опорнийнавчальнийзакладвеселинвськазагальноосвтняшкола3ступвеселинвська,"2018, 2019, 2020, 2021, 2022"
Зеленівська філія Колосівського ліцею Веселинівської селищної ради Миколаївської області,середня загальноосвітня школа,41080611,UA48040050110065438,4821755109,village,зеленвськафляколосвськоголцеювеселинвська,2024
"Опорний навчальний заклад Приазовська спеціалізована школа І-ІІІ ступенів ""Азимут"" Приазовської районної ради Запорізької області",спеціалізована школа,41453686,UA23080230010027591,2324555100,urban village,опорнийнавчальнийзакладприазовськаспецалзованашкола3ступазимутприазовська,2018
Опорний заклад загальної середньої освіти Приазовський ліцей Приазовської селищної ради Запорізької області,спеціалізована школа,41453686,UA23080230010027591,2324555100,urban village,опорнийприазовськийлцейприазовська,2024
Опорний заклад загальної середньої освіти Приазовський ліцей Приазовської селищної ради Запорізької області,ліцей,41453686,UA23080230010027591,2324555100,urban village,опорнийприазовськийлцейприазовська,"2022, 2023"
"Опорний навчальний заклад Приазовська спеціалізована школа І-ІІІ ступенів ""Азимут"" Приазовської селищної ради Запорізької області",спеціалізована школа,41453686,UA23080230010027591,2324555100,urban village,опорнийнавчальнийзакладприазовськаспецалзованашкола3ступазимутприазовська,"2019, 2020, 2021"
Опорний заклад загальної середньої освіти Приазовський ліцей Приазовської селищної ради Запорізької області,спеціалізована школа,41453686,UA23060070010595678,2310136300,city,опорнийприазовськийлцейприазовська,2025
Приазовська філія Опорного закладу загальної середньої освіти Приазовський ліцей Приазовської селищної ради Запорізької області,ліцей,41453686,UA23080230010027591,2324555100,urban village,приазовськафляопорногозакладузагальнасередньаосвтиприазовськийлцейприазовська,2023
Приазовська філія Опорного закладу загальної середньої освіти Приазовський ліцей Приазовської селищної ради Запорізької області,спеціалізована школа,41453686,UA23080230010027591,2324555100,urban village,приазовськафляопорногозакладузагальнасередньаосвтиприазовськийлцейприазовська,"2024, 2025"
"Комунальний заклад ""Гайворонський ліцей №2"" Гайворонської районної ради Кіровоградської області",ліцей,42408580,UA35020050010071459,3521110100,town,гайворонськийлцей2гайворонська,"2019, 2020"
"Гайворонська філія №2 Комунального закладу ""Гайворонський ліцей №2"" Гайворонської міської ради Кіровоградської області",ліцей,42408580,UA35020050010071459,3521110100,town,гайворонськафля2гайворонськийлцей2гайворонська,"2023, 2024"
"Гайворонська філія №1 Комунального закладу ""Гайворонський ліцей №2"" Гайворонської міської ради Кіровоградської області",ліцей,42408580,UA35020050010071459,3521110100,town,гайворонськафля1гайворонськийлцей2гайворонська,2023
"Комунальний заклад ""Гайворонський ліцей №2"" Гайворонської міської ради Кіровоградської області",ліцей,42408580,UA35020050010071459,3521110100,town,гайворонськийлцей2гайворонська,"2021, 2022, 2023, 2024, 2025"
"Комунальний заклад ""Гайворонський ліцей №1"" Гайворонської міської ради Кіровоградської області",ліцей,42408685,UA35020050010071459,3521110100,town,гайворонськийлцей1гайворонська,"2021, 2022, 2023, 2024, 2025"
"Комунальний заклад ""Гайворонський ліцей №1"" Гайворонської районної ради Кіровоградської області",ліцей,42408685,UA35020050010071459,3521110100,town,гайворонськийлцей1гайворонська,"2019, 2020"
"Долинівська філія комунального закладу ""Гайворонський ліцей №1"" Гайворонської районної ради Кіровоградської області",ліцей,42408685,UA35020050060090117,3521181301,village,долинвськафлягайворонськийлцей1гайворонська,2019
"Комунальний заклад ""Хащуватський ліцей"" Гайворонської міської ради Кіровоградської області",ліцей,42409406,UA35020050160038745,3521186801,village,хащуватськийлцейгайворонська,"2021, 2022, 2023, 2024, 2025"
"Комунальний заклад ""Хащуватський ліцей"" Гайворонської районної ради Кіровоградської області",ліцей,42409406,UA35020050160038745,3521186801,village,хащуватськийлцейгайворонська,"2019, 2020"
"Вікнинська філія Комунального закладу ""Хащуватський ліцей"" Гайворонської міської ради Кіровоградської області",ліцей,42409406,UA35020050050011176,3521184401,village,вкнинськафляхащуватськийлцейгайворонська,2023
"Навчально-виховний комплекс ""Павлиська загальноосвітня школа І-ІІІ ступенів - ліцей ім. В.О. Сухомлинського"" Онуфріївської районної ради",навчально-виховний комплекс,43185063,UA35080070020088844,3524655400,urban village,навчальновиховнийкомплекспавлиськазагальноосвтняшкола3ступлцейменвосухомлинськогоонуфрвська,"2016, 2017, 2018, 2019"
"Опорний заклад загальної середньої освіти ""Павлиський ліцей імені В.О. Сухомлинського Онуфріївської районної ради Кіровоградської області""",ліцей,43185063,UA35080070020088844,3524655400,urban village,опорнийпавлиськийлцейменвосухомлинськогоонуфрвська,"2020, 2021"
Павлиська філія Павлиського ліцею імені В. О. Сухомлинського Онуфріївської селищної ради Кіровоградської області,гімназія,43185063,UA35080070020088844,3524655400,urban village,павлиськафляпавлиськоголцеюменвосухомлинськогоонуфрвська,2023
"Опорний заклад загальної середньої освіти ""Павлиський ліцей імені В.О. Сухомлинського"" Онуфріївської селищної ради Кіровоградської області",ліцей,43185063,UA35080070020088844,3524655400,urban village,опорнийпавлиськийлцейменвосухомлинськогоонуфрвська,2022
Павлиський ліцей імені В.О.Сухомлинського Онуфріївської селищної ради Кіровоградської області,ліцей,43185063,UA35080070020088844,3524655400,urban village,павлиськийлцейменвосухомлинськогоонуфрвська,"2023, 2024, 2025"
"Фаховий медичний коледж комунального закладу вищої освіти ""Рівненська медична академія"" Рівненської обласної ради",заклад фахової передвищої освіти,43383185,UA56060470010041018,5610100000,town,медичнийколеджвищаосвтирвненськамедичнаакадемярвненськаобласно,2023
"Фаховий медичний коледж КЗВО ""Рівненська медична академія"" Рівненської обласної ради",заклад фахової передвищої освіти,43383185,UA56060470010041018,5610100000,town,медичнийколеджкзворвненськамедичнаакадемярвненськаобласно,"2021, 2022"
"ВП ""Дубенський фаховий медичний коледж"" КЗВО ""Рівненська медична академія"" Рівненської обласної ради",заклад фахової передвищої освіти,43383185,UA56040110010080334,5610300000,town,впдубенськиймедичнийколеджкзворвненськамедичнаакадемярвненськаобласно,2022
"Івано-Франківський фаховий коледж Київського університету інтелектуальної власності та права Національного університету ""Одеська юридична академія""",заклад фахової передвищої освіти,43452672,UA26040190010045761,2610100000,town,ванофранквськийколеджкивськогоунверситетунтелектуальнавласносттаправанацональногоунверситетуодеськаюридичнаакадем,2024
"Чернівецький фаховий коледж Київського університету інтелектуальної власності та права Національного університету ""Одеська юридична академія""",заклад фахової передвищої освіти,43452672,UA73060610010033137,7310100000,town,чернвецькийколеджкивськогоунверситетунтелектуальнавласносттаправанацональногоунверситетуодеськаюридичнаакадем,2024
Київський університет інтелектуальної власності та права,вищий навчальний заклад III-IV рівнів акредитації,43452672,UA80000000000210193,8036300000,city,кивськийунверситетнтелектуальнавласносттаправ,2025
"Відокремлений структурний підрозділ ""Донбаський аграрний фаховий коледж Луганського національного аграрного університету""",заклад фахової передвищої освіти,43638845,UA14120210010032554,1414100000,town,донбаськийаграрнийколеджлуганськогонацональногоаграрногоунверситет,"2021, 2022"
Відокремлений структурний підрозділ «Донбаський аграрний фаховий коледж Луганського національного аграрного університету»,заклад фахової передвищої освіти,43638845,UA14120050010016211,1422482701,village,донбаськийаграрнийколеджлуганськогонацональногоаграрногоунверситет,2021
"Великосолтанівська гімназія - філія ОЗО ""Калинівський академічний ліцей - освітній центр"" Фастівського району Київської області",гімназія,43801651,UA32140090050048147,3221480901,village,великосолтанвськагмназяфляозокалинвськийакадемчнийлцейосвтнйцент,2025
"Опорний заклад освіти ""Калинівський академічний ліцей - освітній центр"" Калинівської селищної ради Фастівського району Київської області",ліцей,43801651,UA32140090010093169,3221455800,urban village,опорнийзакладосвтикалинвськийакадемчнийлцейосвтнйцентркалинвська,"2023, 2024, 2025"
"Відокремлений структурний підрозділ ""Донбаський аграрний фаховий коледж Східноукраїнського національного університету імені Володимира Даля""",заклад фахової передвищої освіти,44843006,UA14120210010032554,1414100000,town,донбаськийаграрнийколеджсхдноукранськогонацональногоунверситетуменволодимирадал,2023
"Відокремлений структурний підрозділ ""Донбаський аграрний фаховий коледж Східноукраїнського національного університету імені Володимира Даля""",заклад фахової передвищої освіти,44843006,UA12020010010512802,1210136900,city,донбаськийаграрнийколеджсхдноукранськогонацональногоунверситетуменволодимирадал,"2024, 2025"
"Відокремлений структурний підрозділ ""Донбаський аграрний фаховий коледж Східноукраїнського національного університету імені Володимира Даля""",заклад фахової передвищої освіти,44843006,UA14120050010016211,1422482701,village,донбаськийаграрнийколеджсхдноукранськогонацональногоунверситетуменволодимирадал,2023
